mc	mn	quarterbeats	quarterbeats_all_endings	duration_qb	volta	mc_onset	mn_onset	timesig	staff	voice	duration	gracenote	nominal_duration	scalar	tied	tpc	midi	name	octave	chord_id
1	1	0	0	1.0		0	0	3/4	4	1	1/4		1/4	1		3	45	A2	2	6
1	1	0	0	2.0		0	0	3/4	3	1	1/2		1/2	1		7	61	C#4	4	4
1	1	0	0	2.0		0	0	3/4	2	1	1/2		1/2	1		4	64	E4	4	2
1	1	0	0	2.0		0	0	3/4	1	1	1/2		1/2	1		4	76	E5	5	0
1	1	1	1	1.0		1/4	1/4	3/4	4	1	1/4		1/4	1		7	49	C#3	3	7
1	1	2	2	1.0		1/2	1/2	3/4	4	1	1/4		1/4	1		4	52	E3	3	8
1	1	2	2	1.0		1/2	1/2	3/4	3	1	1/4		1/4	1		5	59	B3	3	5
1	1	2	2	1.0		1/2	1/2	3/4	2	1	1/4		1/4	1		2	62	D4	4	3
1	1	2	2	1.0		1/2	1/2	3/4	1	1	1/4		1/4	1		2	74	D5	5	1
2	2	3	3	2.0		0	0	3/4	4	1	1/2		1/2	1		6	54	F#3	3	18
2	2	3	3	0.5		0	0	3/4	3	1	1/8		1/8	1		5	59	B3	3	15
2	2	3	3	0.5		0	0	3/4	2	1	1/8		1/8	1		2	62	D4	4	12
2	2	3	3	0.5		0	0	3/4	1	1	1/8		1/8	1		2	74	D5	5	9
2	2	7/2	7/2	0.5		1/8	1/8	3/4	3	1	1/8		1/8	1		3	57	A3	3	16
2	2	7/2	7/2	0.5		1/8	1/8	3/4	2	1	1/8		1/8	1		7	61	C#4	4	13
2	2	7/2	7/2	0.5		1/8	1/8	3/4	1	1	1/8		1/8	1		7	73	C#5	5	10
2	2	4	4	2.0		1/4	1/4	3/4	3	1	1/2		1/2	1		3	57	A3	3	17
2	2	4	4	2.0		1/4	1/4	3/4	2	1	1/2		1/2	1		7	61	C#4	4	14
2	2	4	4	2.0		1/4	1/4	3/4	1	1	1/2		1/2	1		7	73	C#5	5	11
2	2	5	5	1.0		1/2	1/2	3/4	4	1	1/4		1/4	1		4	52	E3	3	19
3	3	6	6	1.0		0	0	3/4	4	1	1/4		1/4	1		2	50	D3	3	38
3	3	6	6	0.75		0	0	3/4	3	1	3/16		1/8	3/2		5	59	B3	3	32
3	3	6	6	0.75		0	0	3/4	2	1	3/16		1/8	3/2		2	62	D4	4	26
3	3	6	6	0.75		0	0	3/4	1	1	3/16		1/8	3/2		2	74	D5	5	20
3	3	27/4	27/4	0.25		3/16	3/16	3/4	3	1	1/16		1/16	1		7	61	C#4	4	33
3	3	27/4	27/4	0.25		3/16	3/16	3/4	2	1	1/16		1/16	1		4	64	E4	4	27
3	3	27/4	27/4	0.25		3/16	3/16	3/4	1	1	1/16		1/16	1		4	76	E5	5	21
3	3	7	7	1.0		1/4	1/4	3/4	4	1	1/4		1/4	1		5	47	B2	2	39
3	3	7	7	0.5		1/4	1/4	3/4	3	1	1/8		1/8	1		2	62	D4	4	34
3	3	7	7	0.5		1/4	1/4	3/4	2	1	1/8		1/8	1		6	66	F#4	4	28
3	3	7	7	0.5		1/4	1/4	3/4	1	1	1/8		1/8	1		6	78	F#5	5	22
3	3	31/4	31/4	0.25		7/16	7/16	3/4	3	1	1/16		1/16	1		7	61	C#4	4	35
3	3	31/4	31/4	0.25		7/16	7/16	3/4	2	1	1/16		1/16	1		4	64	E4	4	29
3	3	31/4	31/4	0.25		7/16	7/16	3/4	1	1	1/16		1/16	1		4	76	E5	5	23
3	3	8	8	1.0		1/2	1/2	3/4	4	1	1/4		1/4	1		2	50	D3	3	40
3	3	8	8	0.5		1/2	1/2	3/4	3	1	1/8		1/8	1		5	59	B3	3	36
3	3	8	8	0.5		1/2	1/2	3/4	2	1	1/8		1/8	1		2	62	D4	4	30
3	3	8	8	0.5		1/2	1/2	3/4	1	1	1/8		1/8	1		2	74	D5	5	24
3	3	35/4	35/4	0.25		11/16	11/16	3/4	3	1	1/16		1/16	1		3	57	A3	3	37
3	3	35/4	35/4	0.25		11/16	11/16	3/4	2	1	1/16		1/16	1		7	61	C#4	4	31
3	3	35/4	35/4	0.25		11/16	11/16	3/4	1	1	1/16		1/16	1		7	73	C#5	5	25
4	4	9	9	1.0		0	0	3/4	4	1	1/4		1/4	1		4	52	E3	3	47
4	4	9	9	2.0		0	0	3/4	3	1	1/2		1/2	1		3	57	A3	3	45
4	4	9	9	2.0		0	0	3/4	2	1	1/2		1/2	1		7	61	C#4	4	43
4	4	9	9	2.0		0	0	3/4	1	1	1/2		1/2	1		7	73	C#5	5	41
4	4	10	10	1.0		1/4	1/4	3/4	4	1	1/4		1/4	1		5	47	B2	2	48
4	4	11	11	1.0		1/2	1/2	3/4	4	1	1/4		1/4	1		4	40	E2	2	49
4	4	11	11	1.0		1/2	1/2	3/4	3	1	1/4		1/4	1		8	56	G#3	3	46
4	4	11	11	1.0		1/2	1/2	3/4	2	1	1/4		1/4	1		5	59	B3	3	44
4	4	11	11	1.0		1/2	1/2	3/4	1	1	1/4		1/4	1		5	71	B4	4	42
5	5	12	12	2.0		0	0	3/4	3	1	1/2		1/2	1		2	62	D4	4	54
5	5	12	12	2.0		0	0	3/4	2	1	1/2		1/2	1		6	66	F#4	4	52
5	5	12	12	2.0		0	0	3/4	1	1	1/2		1/2	1		6	78	F#5	5	50
5	5	13	13	0.75		1/4	1/4	3/4	4	1	3/16		1/8	3/2		5	47	B2	2	56
5	5	55/4	55/4	0.25		7/16	7/16	3/4	4	1	1/16		1/16	1		7	49	C#3	3	57
5	5	14	14	0.75		1/2	1/2	3/4	4	1	3/16		1/8	3/2		2	50	D3	3	58
5	5	14	14	1.0		1/2	1/2	3/4	3	1	1/4		1/4	1		7	61	C#4	4	55
5	5	14	14	1.0		1/2	1/2	3/4	2	1	1/4		1/4	1		4	64	E4	4	53
5	5	14	14	1.0		1/2	1/2	3/4	1	1	1/4		1/4	1		4	76	E5	5	51
5	5	59/4	59/4	0.25		11/16	11/16	3/4	4	1	1/16		1/16	1		4	52	E3	3	59
6	6	15	15	2.0		0	0	3/4	4	1	1/2		1/2	1		11	53	E#3	3	72
6	6	15	15	0.5		0	0	3/4	3	1	1/8		1/8	1		7	61	C#4	4	68
6	6	15	15	0.5		0	0	3/4	2	1	1/8		1/8	1		4	64	E4	4	64
6	6	15	15	0.5		0	0	3/4	1	1	1/8		1/8	1		4	76	E5	5	60
6	6	31/2	31/2	0.5		1/8	1/8	3/4	3	1	1/8		1/8	1		5	59	B3	3	69
6	6	31/2	31/2	0.5		1/8	1/8	3/4	2	1	1/8		1/8	1		2	62	D4	4	65
6	6	31/2	31/2	0.5		1/8	1/8	3/4	1	1	1/8		1/8	1		2	74	D5	5	61
6	6	16	16	1.5		1/4	1/4	3/4	3	1	3/8		1/4	3/2		5	59	B3	3	70
6	6	16	16	1.5		1/4	1/4	3/4	2	1	3/8		1/4	3/2		2	62	D4	4	66
6	6	16	16	1.5		1/4	1/4	3/4	1	1	3/8		1/4	3/2		2	74	D5	5	62
6	6	17	17	1.0		1/2	1/2	3/4	4	1	1/4		1/4	1		6	54	F#3	3	73
6	6	35/2	35/2	0.5		5/8	5/8	3/4	3	1	1/8		1/8	1		3	57	A3	3	71
6	6	35/2	35/2	0.5		5/8	5/8	3/4	2	1	1/8		1/8	1		7	61	C#4	4	67
6	6	35/2	35/2	0.5		5/8	5/8	3/4	1	1	1/8		1/8	1		7	73	C#5	5	63
7	7	18	18	0.0		0	0	3/4	1	1	0	acciaccatura	1/8	1		7	73	C#5	5	74
7	7	18	18	0.0		0	0	3/4	2	1	0	acciaccatura	1/8	1		7	61	C#4	4	80
7	7	18	18	1.0		0	0	3/4	4	1	1/4		1/4	1		2	50	D3	3	88
7	7	18	18	2.0		0	0	3/4	3	1	1/2		1/2	1		3	57	A3	3	86
7	7	18	18	1.0		0	0	3/4	2	1	1/4		1/4	1		5	59	B3	3	81
7	7	18	18	1.0		0	0	3/4	1	1	1/4		1/4	1		5	71	B4	4	75
7	7	19	19	1.0		1/4	1/4	3/4	4	1	1/4		1/4	1		5	47	B2	2	89
7	7	19	19	0.75		1/4	1/4	3/4	2	1	3/16		1/8	3/2		5	59	B3	3	82
7	7	19	19	0.75		1/4	1/4	3/4	1	1	3/16		1/8	3/2		5	71	B4	4	76
7	7	79/4	79/4	0.25		7/16	7/16	3/4	2	1	1/16		1/16	1		3	57	A3	3	83
7	7	79/4	79/4	0.25		7/16	7/16	3/4	1	1	1/16		1/16	1		3	69	A4	4	77
7	7	20	20	1.0		1/2	1/2	3/4	4	1	1/4		1/4	1		4	52	E3	3	90
7	7	20	20	1.0		1/2	1/2	3/4	3	1	1/4		1/4	1		8	56	G#3	3	87
7	7	20	20	0.75		1/2	1/2	3/4	2	1	3/16		1/8	3/2		5	59	B3	3	84
7	7	20	20	0.75		1/2	1/2	3/4	1	1	3/16		1/8	3/2		5	71	B4	4	78
7	7	83/4	83/4	0.25		11/16	11/16	3/4	2	1	1/16		1/16	1		7	61	C#4	4	85
7	7	83/4	83/4	0.25		11/16	11/16	3/4	1	1	1/16		1/16	1		7	73	C#5	5	79
8	8	21	21	1.0		0	0	3/4	4	1	1/4		1/4	1		3	57	A3	3	94
8	8	21	21	2.0		0	0	3/4	2	1	1/2		1/2	1		3	57	A3	3	92
8	8	21	21	2.0		0	0	3/4	3	1	1/2		1/2	1		3	57	A3	3	93
8	8	21	21	2.0		0	0	3/4	1	1	1/2		1/2	1		3	69	A4	4	91
8	8	22	22	1.0		1/4	1/4	3/4	4	1	1/4		1/4	1		4	52	E3	3	95
8	8	23	23	1.0		1/2	1/2	3/4	4	1	1/4		1/4	1		3	45	A2	2	96
9	9	24	24	3.0		0	0	3/4	4	1	3/4		1/2	3/2	1	4	52	E3	3	110
9	9	24	24	0.75		0	0	3/4	3	1	3/16		1/8	3/2		8	56	G#3	3	104
9	9	24	24	0.75		0	0	3/4	2	1	3/16		1/8	3/2		5	59	B3	3	98
9	9	24	24	3.0		0	0	3/4	1	1	3/4		1/2	3/2	1	4	76	E5	5	97
9	9	99/4	99/4	0.25		3/16	3/16	3/4	3	1	1/16		1/16	1		3	57	A3	3	105
9	9	99/4	99/4	0.25		3/16	3/16	3/4	2	1	1/16		1/16	1		7	61	C#4	4	99
9	9	25	25	0.5		1/4	1/4	3/4	3	1	1/8		1/8	1		5	59	B3	3	106
9	9	25	25	0.5		1/4	1/4	3/4	2	1	1/8		1/8	1		2	62	D4	4	100
9	9	103/4	103/4	0.25		7/16	7/16	3/4	3	1	1/16		1/16	1		10	58	A#3	3	107
9	9	103/4	103/4	0.25		7/16	7/16	3/4	2	1	1/16		1/16	1		7	61	C#4	4	101
9	9	26	26	0.5		1/2	1/2	3/4	3	1	1/8		1/8	1		5	59	B3	3	108
9	9	26	26	0.5		1/2	1/2	3/4	2	1	1/8		1/8	1		2	62	D4	4	102
9	9	107/4	107/4	0.25		11/16	11/16	3/4	3	1	1/16		1/16	1		10	58	A#3	3	109
9	9	107/4	107/4	0.25		11/16	11/16	3/4	2	1	1/16		1/16	1		7	61	C#4	4	103
10	10	27	27	3.0		0	0	3/4	4	1	3/4		1/2	3/2	-1	4	52	E3	3	119
10	10	27	27	3.0		0	0	3/4	3	1	3/4		1/2	3/2		5	59	B3	3	118
10	10	27	27	3.0		0	0	3/4	2	1	3/4		1/2	3/2		2	62	D4	4	117
10	10	27	27	0.5		0	0	3/4	1	1	1/8		1/8	1	-1	4	76	E5	5	111
10	10	55/2	55/2	0.5		1/8	1/8	3/4	1	1	1/8		1/8	1		5	83	B5	5	112
10	10	28	28	0.5		1/4	1/4	3/4	1	1	1/8		1/8	1		3	81	A5	5	113
10	10	57/2	57/2	0.5		3/8	3/8	3/4	1	1	1/8		1/8	1		8	80	G#5	5	114
10	10	29	29	0.5		1/2	1/2	3/4	1	1	1/8		1/8	1		6	78	F#5	5	115
10	10	59/2	59/2	0.5		5/8	5/8	3/4	1	1	1/8		1/8	1		4	76	E5	5	116
11	11	30	30	3.0		0	0	3/4	4	1	3/4		1/2	3/2	1	4	52	E3	3	133
11	11	30	30	0.75		0	0	3/4	3	1	3/16		1/8	3/2		3	57	A3	3	127
11	11	30	30	0.75		0	0	3/4	2	1	3/16		1/8	3/2		7	61	C#4	4	121
11	11	30	30	3.0		0	0	3/4	1	1	3/4		1/2	3/2		4	76	E5	5	120
11	11	123/4	123/4	0.25		3/16	3/16	3/4	3	1	1/16		1/16	1		5	59	B3	3	128
11	11	123/4	123/4	0.25		3/16	3/16	3/4	2	1	1/16		1/16	1		2	62	D4	4	122
11	11	31	31	0.5		1/4	1/4	3/4	3	1	1/8		1/8	1		7	61	C#4	4	129
11	11	31	31	0.5		1/4	1/4	3/4	2	1	1/8		1/8	1		4	64	E4	4	123
11	11	127/4	127/4	0.25		7/16	7/16	3/4	3	1	1/16		1/16	1		5	59	B3	3	130
11	11	127/4	127/4	0.25		7/16	7/16	3/4	2	1	1/16		1/16	1		9	63	D#4	4	124
11	11	32	32	0.5		1/2	1/2	3/4	3	1	1/8		1/8	1		7	61	C#4	4	131
11	11	32	32	0.5		1/2	1/2	3/4	2	1	1/8		1/8	1		4	64	E4	4	125
11	11	131/4	131/4	0.25		11/16	11/16	3/4	3	1	1/16		1/16	1		5	59	B3	3	132
11	11	131/4	131/4	0.25		11/16	11/16	3/4	2	1	1/16		1/16	1		9	63	D#4	4	126
12	12	33	33	3.0		0	0	3/4	4	1	3/4		1/2	3/2	-1	4	52	E3	3	142
12	12	33	33	3.0		0	0	3/4	3	1	3/4		1/2	3/2		7	61	C#4	4	141
12	12	33	33	3.0		0	0	3/4	2	1	3/4		1/2	3/2		4	64	E4	4	140
12	12	33	33	0.5		0	0	3/4	1	1	1/8		1/8	1		4	76	E5	5	134
12	12	67/2	67/2	0.5		1/8	1/8	3/4	1	1	1/8		1/8	1		7	85	C#6	6	135
12	12	34	34	0.5		1/4	1/4	3/4	1	1	1/8		1/8	1		5	83	B5	5	136
12	12	69/2	69/2	0.5		3/8	3/8	3/4	1	1	1/8		1/8	1		3	81	A5	5	137
12	12	35	35	0.5		1/2	1/2	3/4	1	1	1/8		1/8	1		8	80	G#5	5	138
12	12	71/2	71/2	0.5		5/8	5/8	3/4	1	1	1/8		1/8	1		6	78	F#5	5	139
13	13	36	36	1.0		0	0	3/4	4	1	1/4		1/4	1		3	45	A2	2	149
13	13	36	36	2.0		0	0	3/4	3	1	1/2		1/2	1		7	61	C#4	4	147
13	13	36	36	2.0		0	0	3/4	2	1	1/2		1/2	1		4	64	E4	4	145
13	13	36	36	2.0		0	0	3/4	1	1	1/2		1/2	1		4	76	E5	5	143
13	13	37	37	1.0		1/4	1/4	3/4	4	1	1/4		1/4	1		7	49	C#3	3	150
13	13	38	38	1.0		1/2	1/2	3/4	4	1	1/4		1/4	1		4	52	E3	3	151
13	13	38	38	1.0		1/2	1/2	3/4	3	1	1/4		1/4	1		5	59	B3	3	148
13	13	38	38	1.0		1/2	1/2	3/4	2	1	1/4		1/4	1		2	62	D4	4	146
13	13	38	38	1.0		1/2	1/2	3/4	1	1	1/4		1/4	1		2	74	D5	5	144
14	14	39	39	2.0		0	0	3/4	4	1	1/2		1/2	1		6	54	F#3	3	161
14	14	39	39	0.5		0	0	3/4	3	1	1/8		1/8	1		5	59	B3	3	158
14	14	39	39	0.5		0	0	3/4	2	1	1/8		1/8	1		2	62	D4	4	155
14	14	39	39	0.5		0	0	3/4	1	1	1/8		1/8	1		2	74	D5	5	152
14	14	79/2	79/2	0.5		1/8	1/8	3/4	3	1	1/8		1/8	1		3	57	A3	3	159
14	14	79/2	79/2	0.5		1/8	1/8	3/4	2	1	1/8		1/8	1		7	61	C#4	4	156
14	14	79/2	79/2	0.5		1/8	1/8	3/4	1	1	1/8		1/8	1		7	73	C#5	5	153
14	14	40	40	2.0		1/4	1/4	3/4	3	1	1/2		1/2	1		3	57	A3	3	160
14	14	40	40	2.0		1/4	1/4	3/4	2	1	1/2		1/2	1		7	61	C#4	4	157
14	14	40	40	2.0		1/4	1/4	3/4	1	1	1/2		1/2	1		7	73	C#5	5	154
14	14	41	41	1.0		1/2	1/2	3/4	4	1	1/4		1/4	1		4	52	E3	3	162
15	15	42	42	1.0		0	0	3/4	4	1	1/4		1/4	1		2	50	D3	3	181
15	15	42	42	0.75		0	0	3/4	3	1	3/16		1/8	3/2		5	59	B3	3	175
15	15	42	42	0.75		0	0	3/4	2	1	3/16		1/8	3/2		2	62	D4	4	169
15	15	42	42	0.75		0	0	3/4	1	1	3/16		1/8	3/2		2	74	D5	5	163
15	15	171/4	171/4	0.25		3/16	3/16	3/4	3	1	1/16		1/16	1		7	61	C#4	4	176
15	15	171/4	171/4	0.25		3/16	3/16	3/4	2	1	1/16		1/16	1		4	64	E4	4	170
15	15	171/4	171/4	0.25		3/16	3/16	3/4	1	1	1/16		1/16	1		4	76	E5	5	164
15	15	43	43	1.0		1/4	1/4	3/4	4	1	1/4		1/4	1		5	47	B2	2	182
15	15	43	43	0.5		1/4	1/4	3/4	3	1	1/8		1/8	1		2	62	D4	4	177
15	15	43	43	0.5		1/4	1/4	3/4	2	1	1/8		1/8	1		6	66	F#4	4	171
15	15	43	43	0.5		1/4	1/4	3/4	1	1	1/8		1/8	1		6	78	F#5	5	165
15	15	175/4	175/4	0.25		7/16	7/16	3/4	3	1	1/16		1/16	1		7	61	C#4	4	178
15	15	175/4	175/4	0.25		7/16	7/16	3/4	2	1	1/16		1/16	1		4	64	E4	4	172
15	15	175/4	175/4	0.25		7/16	7/16	3/4	1	1	1/16		1/16	1		4	76	E5	5	166
15	15	44	44	1.0		1/2	1/2	3/4	4	1	1/4		1/4	1		2	50	D3	3	183
15	15	44	44	0.5		1/2	1/2	3/4	3	1	1/8		1/8	1		5	59	B3	3	179
15	15	44	44	0.5		1/2	1/2	3/4	2	1	1/8		1/8	1		2	62	D4	4	173
15	15	44	44	0.5		1/2	1/2	3/4	1	1	1/8		1/8	1		2	74	D5	5	167
15	15	179/4	179/4	0.25		11/16	11/16	3/4	3	1	1/16		1/16	1		3	57	A3	3	180
15	15	179/4	179/4	0.25		11/16	11/16	3/4	2	1	1/16		1/16	1		7	61	C#4	4	174
15	15	179/4	179/4	0.25		11/16	11/16	3/4	1	1	1/16		1/16	1		7	73	C#5	5	168
16	16	45	45	1.0		0	0	3/4	4	1	1/4		1/4	1		4	52	E3	3	190
16	16	45	45	2.0		0	0	3/4	3	1	1/2		1/2	1		3	57	A3	3	188
16	16	45	45	2.0		0	0	3/4	2	1	1/2		1/2	1		7	61	C#4	4	186
16	16	45	45	2.0		0	0	3/4	1	1	1/2		1/2	1		7	73	C#5	5	184
16	16	46	46	1.0		1/4	1/4	3/4	4	1	1/4		1/4	1		5	47	B2	2	191
16	16	47	47	1.0		1/2	1/2	3/4	4	1	1/4		1/4	1		4	40	E2	2	192
16	16	47	47	1.0		1/2	1/2	3/4	3	1	1/4		1/4	1		8	56	G#3	3	189
16	16	47	47	1.0		1/2	1/2	3/4	2	1	1/4		1/4	1		5	59	B3	3	187
16	16	47	47	1.0		1/2	1/2	3/4	1	1	1/4		1/4	1		5	71	B4	4	185
17	17	48	48	2.0		0	0	3/4	3	1	1/2		1/2	1		2	62	D4	4	197
17	17	48	48	2.0		0	0	3/4	2	1	1/2		1/2	1		6	66	F#4	4	195
17	17	48	48	2.0		0	0	3/4	1	1	1/2		1/2	1		6	78	F#5	5	193
17	17	49	49	0.75		1/4	1/4	3/4	4	1	3/16		1/8	3/2		5	47	B2	2	199
17	17	199/4	199/4	0.25		7/16	7/16	3/4	4	1	1/16		1/16	1		7	49	C#3	3	200
17	17	50	50	0.75		1/2	1/2	3/4	4	1	3/16		1/8	3/2		2	50	D3	3	201
17	17	50	50	1.0		1/2	1/2	3/4	3	1	1/4		1/4	1		7	61	C#4	4	198
17	17	50	50	1.0		1/2	1/2	3/4	2	1	1/4		1/4	1		4	64	E4	4	196
17	17	50	50	1.0		1/2	1/2	3/4	1	1	1/4		1/4	1		4	76	E5	5	194
17	17	203/4	203/4	0.25		11/16	11/16	3/4	4	1	1/16		1/16	1		4	52	E3	3	202
18	18	51	51	2.0		0	0	3/4	4	1	1/2		1/2	1		11	53	E#3	3	215
18	18	51	51	0.5		0	0	3/4	3	1	1/8		1/8	1		7	61	C#4	4	211
18	18	51	51	0.5		0	0	3/4	2	1	1/8		1/8	1		4	64	E4	4	207
18	18	51	51	0.5		0	0	3/4	1	1	1/8		1/8	1		4	76	E5	5	203
18	18	103/2	103/2	0.5		1/8	1/8	3/4	3	1	1/8		1/8	1		5	59	B3	3	212
18	18	103/2	103/2	0.5		1/8	1/8	3/4	2	1	1/8		1/8	1		2	62	D4	4	208
18	18	103/2	103/2	0.5		1/8	1/8	3/4	1	1	1/8		1/8	1		2	74	D5	5	204
18	18	52	52	1.5		1/4	1/4	3/4	3	1	3/8		1/4	3/2		5	59	B3	3	213
18	18	52	52	1.5		1/4	1/4	3/4	2	1	3/8		1/4	3/2		2	62	D4	4	209
18	18	52	52	1.5		1/4	1/4	3/4	1	1	3/8		1/4	3/2		2	74	D5	5	205
18	18	53	53	1.0		1/2	1/2	3/4	4	1	1/4		1/4	1		6	54	F#3	3	216
18	18	107/2	107/2	0.5		5/8	5/8	3/4	3	1	1/8		1/8	1		3	57	A3	3	214
18	18	107/2	107/2	0.5		5/8	5/8	3/4	2	1	1/8		1/8	1		7	61	C#4	4	210
18	18	107/2	107/2	0.5		5/8	5/8	3/4	1	1	1/8		1/8	1		7	73	C#5	5	206
19	19	54	54	0.0		0	0	3/4	1	1	0	acciaccatura	1/8	1		7	73	C#5	5	217
19	19	54	54	0.0		0	0	3/4	2	1	0	acciaccatura	1/8	1		7	61	C#4	4	223
19	19	54	54	1.0		0	0	3/4	4	1	1/4		1/4	1		2	50	D3	3	231
19	19	54	54	2.0		0	0	3/4	3	1	1/2		1/2	1		3	57	A3	3	229
19	19	54	54	1.0		0	0	3/4	2	1	1/4		1/4	1		5	59	B3	3	224
19	19	54	54	1.0		0	0	3/4	1	1	1/4		1/4	1		5	71	B4	4	218
19	19	55	55	1.0		1/4	1/4	3/4	4	1	1/4		1/4	1		5	47	B2	2	232
19	19	55	55	0.75		1/4	1/4	3/4	2	1	3/16		1/8	3/2		5	59	B3	3	225
19	19	55	55	0.75		1/4	1/4	3/4	1	1	3/16		1/8	3/2		5	71	B4	4	219
19	19	223/4	223/4	0.25		7/16	7/16	3/4	2	1	1/16		1/16	1		3	57	A3	3	226
19	19	223/4	223/4	0.25		7/16	7/16	3/4	1	1	1/16		1/16	1		3	69	A4	4	220
19	19	56	56	1.0		1/2	1/2	3/4	4	1	1/4		1/4	1		4	52	E3	3	233
19	19	56	56	1.0		1/2	1/2	3/4	3	1	1/4		1/4	1		8	56	G#3	3	230
19	19	56	56	0.75		1/2	1/2	3/4	2	1	3/16		1/8	3/2		5	59	B3	3	227
19	19	56	56	0.75		1/2	1/2	3/4	1	1	3/16		1/8	3/2		5	71	B4	4	221
19	19	227/4	227/4	0.25		11/16	11/16	3/4	2	1	1/16		1/16	1		7	61	C#4	4	228
19	19	227/4	227/4	0.25		11/16	11/16	3/4	1	1	1/16		1/16	1		7	73	C#5	5	222
20	20		57	1.0	1	0	0	3/4	4	1	1/4		1/4	1		3	57	A3	3	237
20	20		57	2.0	1	0	0	3/4	2	1	1/2		1/2	1		3	57	A3	3	235
20	20		57	2.0	1	0	0	3/4	3	1	1/2		1/2	1		3	57	A3	3	236
20	20		57	2.0	1	0	0	3/4	1	1	1/2		1/2	1		3	69	A4	4	234
20	20		58	1.0	1	1/4	1/4	3/4	4	1	1/4		1/4	1		4	52	E3	3	238
20	20		59	1.0	1	1/2	1/2	3/4	4	1	1/4		1/4	1		3	45	A2	2	239
21	20	57	60	1.0	2	0	0	3/4	4	1	1/4		1/4	1		3	57	A3	3	243
21	20	57	60	2.0	2	0	0	3/4	2	1	1/2		1/2	1		3	57	A3	3	241
21	20	57	60	2.0	2	0	0	3/4	3	1	1/2		1/2	1		3	57	A3	3	242
21	20	57	60	2.0	2	0	0	3/4	1	1	1/2		1/2	1		3	69	A4	4	240
21	20	58	61	1.0	2	1/4	1/4	3/4	4	1	1/4		1/4	1		3	45	A2	2	244
22	20	59	62	1.0		0	1/2	3/4	1	1	1/4		1/4	1		4	76	E5	5	245
23	21	60	63	1.0		0	0	3/4	4	1	1/4		1/4	1		3	45	A2	2	257
23	21	60	63	1.0		0	0	3/4	3	1	1/4		1/4	1		7	61	C#4	4	256
23	21	60	63	1.0		0	0	3/4	2	1	1/4		1/4	1		4	64	E4	4	255
23	21	60	63	0.5		0	0	3/4	1	1	1/8		1/8	1		7	73	C#5	5	246
23	21	121/2	127/2	0.25		1/8	1/8	3/4	1	1	1/16		1/16	1		3	81	A5	5	247
23	21	243/4	255/4	0.25		3/16	3/16	3/4	1	1	1/16		1/16	1		4	76	E5	5	248
23	21	61	64	0.5		1/4	1/4	3/4	1	1	1/8		1/8	1		7	73	C#5	5	249
23	21	123/2	129/2	0.25		3/8	3/8	3/4	1	1	1/16		1/16	1		4	76	E5	5	250
23	21	247/4	259/4	0.25		7/16	7/16	3/4	1	1	1/16		1/16	1		7	73	C#5	5	251
23	21	62	65	0.5		1/2	1/2	3/4	1	1	1/8		1/8	1		3	69	A4	4	252
23	21	125/2	131/2	0.25		5/8	5/8	3/4	1	1	1/16		1/16	1		7	73	C#5	5	253
23	21	251/4	263/4	0.25		11/16	11/16	3/4	1	1	1/16		1/16	1		3	69	A4	4	254
24	22	63	66	0.5		0	0	3/4	1	1	1/8		1/8	1		4	64	E4	4	258
24	22	127/2	133/2	0.25		1/8	1/8	3/4	1	1	1/16		1/16	1		3	69	A4	4	259
24	22	255/4	267/4	0.25		3/16	3/16	3/4	1	1	1/16		1/16	1		4	64	E4	4	260
24	22	64	67	0.5		1/4	1/4	3/4	1	1	1/8		1/8	1		7	61	C#4	4	261
24	22	129/2	135/2	0.25		3/8	3/8	3/4	1	1	1/16		1/16	1		4	64	E4	4	262
24	22	259/4	271/4	0.25		7/16	7/16	3/4	1	1	1/16		1/16	1		7	61	C#4	4	263
24	22	65	68	0.5		1/2	1/2	3/4	1	1	1/8		1/8	1		3	57	A3	3	264
24	22	131/2	137/2	0.25		5/8	5/8	3/4	1	1	1/16		1/16	1		7	61	C#4	4	265
24	22	263/4	275/4	0.25		11/16	11/16	3/4	1	1	1/16		1/16	1		3	57	A3	3	266
25	23	66	69	1.0		0	0	3/4	4	1	1/4		1/4	1		4	40	E2	2	285
25	23	66	69	0.5		0	0	3/4	1	1	1/8		1/8	1		8	56	G#3	3	267
25	23	66	69	1.0		0	0	3/4	3	1	1/4		1/4	1		5	59	B3	3	282
25	23	66	69	1.0		0	0	3/4	2	2	1/4		1/4	1		2	62	D4	4	279
25	23	66	69	1.0		0	0	3/4	2	1	1/4		1/4	1		4	64	E4	4	276
25	23	133/2	139/2	0.25		1/8	1/8	3/4	1	1	1/16		1/16	1		4	64	E4	4	268
25	23	267/4	279/4	0.25		3/16	3/16	3/4	1	1	1/16		1/16	1		2	62	D4	4	269
25	23	67	70	1.0		1/4	1/4	3/4	4	1	1/4		1/4	1		4	40	E2	2	286
25	23	67	70	0.5		1/4	1/4	3/4	1	1	1/8		1/8	1		8	56	G#3	3	270
25	23	67	70	1.0		1/4	1/4	3/4	3	1	1/4		1/4	1		5	59	B3	3	283
25	23	67	70	1.0		1/4	1/4	3/4	2	2	1/4		1/4	1		2	62	D4	4	280
25	23	67	70	1.0		1/4	1/4	3/4	2	1	1/4		1/4	1		4	64	E4	4	277
25	23	135/2	141/2	0.25		3/8	3/8	3/4	1	1	1/16		1/16	1		4	64	E4	4	271
25	23	271/4	283/4	0.25		7/16	7/16	3/4	1	1	1/16		1/16	1		2	62	D4	4	272
25	23	68	71	1.0		1/2	1/2	3/4	4	1	1/4		1/4	1		4	40	E2	2	287
25	23	68	71	0.5		1/2	1/2	3/4	1	1	1/8		1/8	1		8	56	G#3	3	273
25	23	68	71	1.0		1/2	1/2	3/4	3	1	1/4		1/4	1		5	59	B3	3	284
25	23	68	71	1.0		1/2	1/2	3/4	2	2	1/4		1/4	1		2	62	D4	4	281
25	23	68	71	1.0		1/2	1/2	3/4	2	1	1/4		1/4	1		4	64	E4	4	278
25	23	137/2	143/2	0.25		5/8	5/8	3/4	1	1	1/16		1/16	1		4	64	E4	4	274
25	23	275/4	287/4	0.25		11/16	11/16	3/4	1	1	1/16		1/16	1		2	62	D4	4	275
26	24	69	72	1.0		0	0	3/4	4	1	1/4		1/4	1		3	45	A2	2	293
26	24	69	72	1.0		0	0	3/4	3	1	1/4		1/4	1		3	57	A3	3	292
26	24	69	72	1.0		0	0	3/4	1	1	1/4		1/4	1		7	61	C#4	4	288
26	24	69	72	1.0		0	0	3/4	2	2	1/4		1/4	1		7	61	C#4	4	291
26	24	69	72	1.0		0	0	3/4	2	1	1/4		1/4	1		4	64	E4	4	290
26	24	71	74	1.0		1/2	1/2	3/4	1	1	1/4		1/4	1		4	76	E5	5	289
27	25	72	75	1.0		0	0	3/4	4	1	1/4		1/4	1		3	45	A2	2	307
27	25	72	75	1.0		0	0	3/4	3	1	1/4		1/4	1		7	61	C#4	4	305
27	25	72	75	1.0		0	0	3/4	2	1	1/4		1/4	1		4	64	E4	4	303
27	25	72	75	0.5		0	0	3/4	1	1	1/8		1/8	1		7	73	C#5	5	294
27	25	145/2	151/2	0.25		1/8	1/8	3/4	1	1	1/16		1/16	1		3	81	A5	5	295
27	25	291/4	303/4	0.25		3/16	3/16	3/4	1	1	1/16		1/16	1		4	76	E5	5	296
27	25	73	76	0.5		1/4	1/4	3/4	1	1	1/8		1/8	1		3	69	A4	4	297
27	25	147/2	153/2	0.25		3/8	3/8	3/4	1	1	1/16		1/16	1		7	85	C#6	6	298
27	25	295/4	307/4	0.25		7/16	7/16	3/4	1	1	1/16		1/16	1		3	81	A5	5	299
27	25	74	77	1.0		1/2	1/2	3/4	3	1	1/4		1/4	1		3	57	A3	3	306
27	25	74	77	1.0		1/2	1/2	3/4	4	1	1/4		1/4	1		3	57	A3	3	308
27	25	74	77	1.0		1/2	1/2	3/4	2	1	1/4		1/4	1		4	64	E4	4	304
27	25	74	77	0.5		1/2	1/2	3/4	1	1	1/8		1/8	1		3	69	A4	4	300
27	25	149/2	155/2	0.25		5/8	5/8	3/4	1	1	1/16		1/16	1		4	88	E6	6	301
27	25	299/4	311/4	0.25		11/16	11/16	3/4	1	1	1/16		1/16	1		7	85	C#6	6	302
28	26	75	78	1.0		0	0	3/4	4	1	1/4		1/4	1		8	56	G#3	3	324
28	26	75	78	1.0		0	0	3/4	3	1	1/4		1/4	1		5	59	B3	3	322
28	26	75	78	1.0		0	0	3/4	2	1	1/4		1/4	1		4	64	E4	4	320
28	26	75	78	0.5		0	0	3/4	1	1	1/8		1/8	1		5	83	B5	5	309
28	26	151/2	157/2	0.25		1/8	1/8	3/4	1	1	1/16		1/16	1		7	85	C#6	6	310
28	26	303/4	315/4	0.25		3/16	3/16	3/4	1	1	1/16		1/16	1		9	87	D#6	6	311
28	26	76	79	0.25		1/4	1/4	3/4	1	1	1/16		1/16	1		4	88	E6	6	312
28	26	305/4	317/4	0.25		5/16	5/16	3/4	1	1	1/16		1/16	1		9	87	D#6	6	313
28	26	153/2	159/2	0.25		3/8	3/8	3/4	1	1	1/16		1/16	1		7	85	C#6	6	314
28	26	307/4	319/4	0.25		7/16	7/16	3/4	1	1	1/16		1/16	1		5	83	B5	5	315
28	26	77	80	1.0		1/2	1/2	3/4	4	1	1/4		1/4	1		4	52	E3	3	325
28	26	77	80	1.0		1/2	1/2	3/4	3	1	1/4		1/4	1		5	59	B3	3	323
28	26	77	80	1.0		1/2	1/2	3/4	2	1	1/4		1/4	1		8	68	G#4	4	321
28	26	77	80	0.25		1/2	1/2	3/4	1	1	1/16		1/16	1		3	81	A5	5	316
28	26	309/4	321/4	0.25		9/16	9/16	3/4	1	1	1/16		1/16	1		8	80	G#5	5	317
28	26	155/2	161/2	0.25		5/8	5/8	3/4	1	1	1/16		1/16	1		6	78	F#5	5	318
28	26	311/4	323/4	0.25		11/16	11/16	3/4	1	1	1/16		1/16	1		4	76	E5	5	319
29	27	78	81	2.0		0	0	3/4	4	1	1/2		1/2	1		9	51	D#3	3	338
29	27	78	81	3.0		0	0	3/4	3	1	3/4		1/2	3/2		5	59	B3	3	337
29	27	78	81	2.0		0	0	3/4	2	1	1/2		1/2	1		3	69	A4	4	335
29	27	78	81	0.5		0	0	3/4	1	1	1/8		1/8	1		5	71	B4	4	326
29	27	157/2	163/2	0.25		1/8	1/8	3/4	1	1	1/16		1/16	1		3	81	A5	5	327
29	27	315/4	327/4	0.25		3/16	3/16	3/4	1	1	1/16		1/16	1		6	78	F#5	5	328
29	27	79	82	0.5		1/4	1/4	3/4	1	1	1/8		1/8	1		5	71	B4	4	329
29	27	159/2	165/2	0.25		3/8	3/8	3/4	1	1	1/16		1/16	1		3	81	A5	5	330
29	27	319/4	331/4	0.25		7/16	7/16	3/4	1	1	1/16		1/16	1		6	78	F#5	5	331
29	27	80	83	1.0		1/2	1/2	3/4	4	1	1/4		1/4	1		4	52	E3	3	339
29	27	80	83	1.0		1/2	1/2	3/4	2	1	1/4		1/4	1		8	68	G#4	4	336
29	27	80	83	0.5		1/2	1/2	3/4	1	1	1/8		1/8	1		5	71	B4	4	332
29	27	161/2	167/2	0.25		5/8	5/8	3/4	1	1	1/16		1/16	1		8	80	G#5	5	333
29	27	323/4	335/4	0.25		11/16	11/16	3/4	1	1	1/16		1/16	1		4	76	E5	5	334
30	28	81	84	2.0		0	0	3/4	4	1	1/2		1/2	1		9	51	D#3	3	352
30	28	81	84	3.0		0	0	3/4	3	1	3/4		1/2	3/2		5	59	B3	3	351
30	28	81	84	2.0		0	0	3/4	2	1	1/2		1/2	1		3	69	A4	4	349
30	28	81	84	0.5		0	0	3/4	1	1	1/8		1/8	1		5	71	B4	4	340
30	28	163/2	169/2	0.25		1/8	1/8	3/4	1	1	1/16		1/16	1		3	81	A5	5	341
30	28	327/4	339/4	0.25		3/16	3/16	3/4	1	1	1/16		1/16	1		6	78	F#5	5	342
30	28	82	85	0.5		1/4	1/4	3/4	1	1	1/8		1/8	1		5	71	B4	4	343
30	28	165/2	171/2	0.25		3/8	3/8	3/4	1	1	1/16		1/16	1		3	81	A5	5	344
30	28	331/4	343/4	0.25		7/16	7/16	3/4	1	1	1/16		1/16	1		6	78	F#5	5	345
30	28	83	86	1.0		1/2	1/2	3/4	4	1	1/4		1/4	1		4	52	E3	3	353
30	28	83	86	1.0		1/2	1/2	3/4	2	1	1/4		1/4	1		8	68	G#4	4	350
30	28	83	86	0.5		1/2	1/2	3/4	1	1	1/8		1/8	1		8	80	G#5	5	346
30	28	167/2	173/2	0.25		5/8	5/8	3/4	1	1	1/16		1/16	1		4	88	E6	6	347
30	28	335/4	347/4	0.25		11/16	11/16	3/4	1	1	1/16		1/16	1		5	83	B5	5	348
31	29	84	87	0.0		0	0	3/4	1	1	0	acciaccatura	1/8	1		9	87	D#6	6	354
31	29	84	87	0.75		0	0	3/4	3	1	3/16		1/8	3/2		3	57	A3	3	364
31	29	84	87	1.0		0	0	3/4	4	1	1/4		1/4	1		3	57	A3	3	368
31	29	84	87	0.75		0	0	3/4	2	1	3/16		1/8	3/2		4	64	E4	4	360
31	29	84	87	0.5		0	0	3/4	1	1	1/8		1/8	1		7	85	C#6	6	355
31	29	169/2	175/2	0.25		1/8	1/8	3/4	1	1	1/16		1/16	1		5	83	B5	5	356
31	29	339/4	351/4	0.25		3/16	3/16	3/4	3	1	1/16		1/16	1		7	61	C#4	4	365
31	29	339/4	351/4	0.25		3/16	3/16	3/4	2	1	1/16		1/16	1		6	66	F#4	4	361
31	29	339/4	351/4	0.25		3/16	3/16	3/4	1	1	1/16		1/16	1		3	81	A5	5	357
31	29	85	88	1.0		1/4	1/4	3/4	3	1	1/4		1/4	1		5	59	B3	3	366
31	29	85	88	1.0		1/4	1/4	3/4	4	1	1/4		1/4	1		5	59	B3	3	369
31	29	85	88	1.0		1/4	1/4	3/4	2	1	1/4		1/4	1		4	64	E4	4	362
31	29	85	88	1.0		1/4	1/4	3/4	1	1	1/4		1/4	1		8	80	G#5	5	358
31	29	86	89	1.0		1/2	1/2	3/4	4	1	1/4		1/4	1		5	47	B2	2	370
31	29	86	89	1.0		1/2	1/2	3/4	3	1	1/4		1/4	1		3	57	A3	3	367
31	29	86	89	1.0		1/2	1/2	3/4	2	1	1/4		1/4	1		9	63	D#4	4	363
31	29	86	89	1.0		1/2	1/2	3/4	1	1	1/4		1/4	1		6	78	F#5	5	359
32	30	87	90	1.0		0	0	3/4	4	1	1/4		1/4	1		4	52	E3	3	374
32	30	87	90	1.0		0	0	3/4	3	1	1/4		1/4	1		8	56	G#3	3	373
32	30	87	90	1.0		0	0	3/4	2	1	1/4		1/4	1		4	64	E4	4	372
32	30	87	90	1.0		0	0	3/4	1	1	1/4		1/4	1		4	76	E5	5	371
32	30	88	91	1.0		1/4	1/4	3/4	4	1	1/4		1/4	1		4	40	E2	2	375
33	30	89	92	1.0		0	1/2	3/4	1	1	1/4		1/4	1		4	76	E5	5	376
34	31	90	93	1.0		0	0	3/4	4	1	1/4		1/4	1		4	52	E3	3	388
34	31	90	93	1.0		0	0	3/4	3	1	1/4		1/4	1		4	64	E4	4	387
34	31	90	93	1.0		0	0	3/4	2	1	1/4		1/4	1		1	67	G4	4	386
34	31	90	93	0.5		0	0	3/4	1	1	1/8		1/8	1		4	76	E5	5	377
34	31	181/2	187/2	0.25		1/8	1/8	3/4	1	1	1/16		1/16	1		1	79	G5	5	378
34	31	363/4	375/4	0.25		3/16	3/16	3/4	1	1	1/16		1/16	1		4	76	E5	5	379
34	31	91	94	0.5		1/4	1/4	3/4	1	1	1/8		1/8	1		7	73	C#5	5	380
34	31	183/2	189/2	0.25		3/8	3/8	3/4	1	1	1/16		1/16	1		4	76	E5	5	381
34	31	367/4	379/4	0.25		7/16	7/16	3/4	1	1	1/16		1/16	1		7	73	C#5	5	382
34	31	92	95	0.5		1/2	1/2	3/4	1	1	1/8		1/8	1		10	70	A#4	4	383
34	31	185/2	191/2	0.25		5/8	5/8	3/4	1	1	1/16		1/16	1		7	73	C#5	5	384
34	31	371/4	383/4	0.25		11/16	11/16	3/4	1	1	1/16		1/16	1		10	70	A#4	4	385
35	32	93	96	1.0		0	0	3/4	3	1	1/4		1/4	1		7	61	C#4	4	401
35	32	93	96	1.0		0	0	3/4	4	1	1/4		1/4	1		4	64	E4	4	404
35	32	93	96	0.5		0	0	3/4	1	1	1/8		1/8	1		6	66	F#4	4	389
35	32	93	96	1.0		0	0	3/4	2	1	1/4		1/4	1		10	70	A#4	4	398
35	32	187/2	193/2	0.25		1/8	1/8	3/4	1	1	1/16		1/16	1		4	76	E5	5	390
35	32	375/4	387/4	0.25		3/16	3/16	3/4	1	1	1/16		1/16	1		1	67	G4	4	391
35	32	94	97	1.0		1/4	1/4	3/4	3	1	1/4		1/4	1		7	61	C#4	4	402
35	32	94	97	1.0		1/4	1/4	3/4	4	1	1/4		1/4	1		4	64	E4	4	405
35	32	94	97	0.5		1/4	1/4	3/4	1	1	1/8		1/8	1		6	66	F#4	4	392
35	32	94	97	1.0		1/4	1/4	3/4	2	1	1/4		1/4	1		10	70	A#4	4	399
35	32	189/2	195/2	0.25		3/8	3/8	3/4	1	1	1/16		1/16	1		4	76	E5	5	393
35	32	379/4	391/4	0.25		7/16	7/16	3/4	1	1	1/16		1/16	1		1	67	G4	4	394
35	32	95	98	1.0		1/2	1/2	3/4	3	1	1/4		1/4	1		7	61	C#4	4	403
35	32	95	98	1.0		1/2	1/2	3/4	4	1	1/4		1/4	1		4	64	E4	4	406
35	32	95	98	0.5		1/2	1/2	3/4	1	1	1/8		1/8	1		6	66	F#4	4	395
35	32	95	98	1.0		1/2	1/2	3/4	2	1	1/4		1/4	1		10	70	A#4	4	400
35	32	191/2	197/2	0.25		5/8	5/8	3/4	1	1	1/16		1/16	1		4	76	E5	5	396
35	32	383/4	395/4	0.25		11/16	11/16	3/4	1	1	1/16		1/16	1		7	73	C#5	5	397
36	33	96	99	1.0		0	0	3/4	3	1	1/4		1/4	1		5	59	B3	3	417
36	33	96	99	1.0		0	0	3/4	4	1	1/4		1/4	1		2	62	D4	4	418
36	33	96	99	1.0		0	0	3/4	2	1	1/4		1/4	1		5	71	B4	4	416
36	33	96	99	0.5		0	0	3/4	1	1	1/8		1/8	1		2	74	D5	5	407
36	33	193/2	199/2	0.25		1/8	1/8	3/4	1	1	1/16		1/16	1		5	83	B5	5	408
36	33	387/4	399/4	0.25		3/16	3/16	3/4	1	1	1/16		1/16	1		6	78	F#5	5	409
36	33	97	100	0.5		1/4	1/4	3/4	1	1	1/8		1/8	1		5	71	B4	4	410
36	33	195/2	201/2	0.25		3/8	3/8	3/4	1	1	1/16		1/16	1		6	78	F#5	5	411
36	33	391/4	403/4	0.25		7/16	7/16	3/4	1	1	1/16		1/16	1		2	74	D5	5	412
36	33	98	101	0.5		1/2	1/2	3/4	1	1	1/8		1/8	1		5	71	B4	4	413
36	33	197/2	203/2	0.25		5/8	5/8	3/4	1	1	1/16		1/16	1		2	74	D5	5	414
36	33	395/4	407/4	0.25		11/16	11/16	3/4	1	1	1/16		1/16	1		5	71	B4	4	415
37	34	99	102	1.0		0	0	3/4	3	1	1/4		1/4	1		5	59	B3	3	431
37	34	99	102	1.0		0	0	3/4	4	1	1/4		1/4	1		2	62	D4	4	434
37	34	99	102	0.5		0	0	3/4	1	1	1/8		1/8	1		4	64	E4	4	419
37	34	99	102	1.0		0	0	3/4	2	1	1/4		1/4	1		8	68	G#4	4	428
37	34	199/2	205/2	0.25		1/8	1/8	3/4	1	1	1/16		1/16	1		2	74	D5	5	420
37	34	399/4	411/4	0.25		3/16	3/16	3/4	1	1	1/16		1/16	1		-1	65	F4	4	421
37	34	100	103	1.0		1/4	1/4	3/4	3	1	1/4		1/4	1		5	59	B3	3	432
37	34	100	103	1.0		1/4	1/4	3/4	4	1	1/4		1/4	1		2	62	D4	4	435
37	34	100	103	0.5		1/4	1/4	3/4	1	1	1/8		1/8	1		4	64	E4	4	422
37	34	100	103	1.0		1/4	1/4	3/4	2	1	1/4		1/4	1		8	68	G#4	4	429
37	34	201/2	207/2	0.25		3/8	3/8	3/4	1	1	1/16		1/16	1		2	74	D5	5	423
37	34	403/4	415/4	0.25		7/16	7/16	3/4	1	1	1/16		1/16	1		-1	65	F4	4	424
37	34	101	104	1.0		1/2	1/2	3/4	3	1	1/4		1/4	1		5	59	B3	3	433
37	34	101	104	1.0		1/2	1/2	3/4	4	1	1/4		1/4	1		2	62	D4	4	436
37	34	101	104	0.5		1/2	1/2	3/4	1	1	1/8		1/8	1		4	64	E4	4	425
37	34	101	104	1.0		1/2	1/2	3/4	2	1	1/4		1/4	1		8	68	G#4	4	430
37	34	203/2	209/2	0.25		5/8	5/8	3/4	1	1	1/16		1/16	1		2	74	D5	5	426
37	34	407/4	419/4	0.25		11/16	11/16	3/4	1	1	1/16		1/16	1		5	71	B4	4	427
38	35	102	105	1.0		0	0	3/4	3	1	1/4		1/4	1		3	57	A3	3	449
38	35	102	105	1.0		0	0	3/4	4	1	1/4		1/4	1		3	57	A3	3	452
38	35	102	105	1.0		0	0	3/4	2	1	1/4		1/4	1		3	69	A4	4	446
38	35	102	105	0.5		0	0	3/4	1	1	1/8		1/8	1		7	73	C#5	5	437
38	35	205/2	211/2	0.25		1/8	1/8	3/4	1	1	1/16		1/16	1		3	81	A5	5	438
38	35	411/4	423/4	0.25		3/16	3/16	3/4	1	1	1/16		1/16	1		4	76	E5	5	439
38	35	103	106	1.0		1/4	1/4	3/4	4	1	1/4		1/4	1		8	56	G#3	3	453
38	35	103	106	1.0		1/4	1/4	3/4	3	1	1/4		1/4	1		4	64	E4	4	450
38	35	103	106	1.0		1/4	1/4	3/4	2	1	1/4		1/4	1		5	71	B4	4	447
38	35	103	106	0.5		1/4	1/4	3/4	1	1	1/8		1/8	1		2	74	D5	5	440
38	35	207/2	213/2	0.25		3/8	3/8	3/4	1	1	1/16		1/16	1		5	83	B5	5	441
38	35	415/4	427/4	0.25		7/16	7/16	3/4	1	1	1/16		1/16	1		4	76	E5	5	442
38	35	104	107	1.0		1/2	1/2	3/4	4	1	1/4		1/4	1		3	57	A3	3	454
38	35	104	107	1.0		1/2	1/2	3/4	3	1	1/4		1/4	1		4	64	E4	4	451
38	35	104	107	1.0		1/2	1/2	3/4	2	1	1/4		1/4	1		3	69	A4	4	448
38	35	104	107	0.5		1/2	1/2	3/4	1	1	1/8		1/8	1		7	73	C#5	5	443
38	35	209/2	215/2	0.25		5/8	5/8	3/4	1	1	1/16		1/16	1		3	81	A5	5	444
38	35	419/4	431/4	0.25		11/16	11/16	3/4	1	1	1/16		1/16	1		4	76	E5	5	445
39	36	105	108	1.0		0	0	3/4	3	1	1/4		1/4	1		4	64	E4	4	466
39	36	105	108	1.0		0	0	3/4	4	1	1/4		1/4	1		4	64	E4	4	468
39	36	105	108	1.0		0	0	3/4	2	1	1/4		1/4	1		8	68	G#4	4	464
39	36	105	108	0.5		0	0	3/4	1	1	1/8		1/8	1		5	71	B4	4	455
39	36	211/2	217/2	0.25		1/8	1/8	3/4	1	1	1/16		1/16	1		5	83	B5	5	456
39	36	423/4	435/4	0.25		3/16	3/16	3/4	1	1	1/16		1/16	1		8	80	G#5	5	457
39	36	106	109	0.5		1/4	1/4	3/4	1	1	1/8		1/8	1		4	76	E5	5	458
39	36	213/2	219/2	0.25		3/8	3/8	3/4	1	1	1/16		1/16	1		5	71	B4	4	459
39	36	427/4	439/4	0.25		7/16	7/16	3/4	1	1	1/16		1/16	1		8	68	G#4	4	460
39	36	107	110	1.0		1/2	1/2	3/4	4	1	1/4		1/4	1		8	56	G#3	3	469
39	36	107	110	0.5		1/2	1/2	3/4	1	1	1/8		1/8	1		4	64	E4	4	461
39	36	107	110	1.0		1/2	1/2	3/4	3	1	1/4		1/4	1		4	64	E4	4	467
39	36	107	110	1.0		1/2	1/2	3/4	2	1	1/4		1/4	1		5	71	B4	4	465
39	36	215/2	221/2	0.25		5/8	5/8	3/4	1	1	1/16		1/16	1		2	74	D5	5	462
39	36	431/4	443/4	0.25		11/16	11/16	3/4	1	1	1/16		1/16	1		5	71	B4	4	463
40	37	108	111	1.0		0	0	3/4	4	1	1/4		1/4	1		3	57	A3	3	483
40	37	108	111	3.0		0	0	3/4	3	1	3/4		1/2	3/2		4	64	E4	4	482
40	37	108	111	1.0		0	0	3/4	2	1	1/4		1/4	1		3	69	A4	4	479
40	37	108	111	0.5		0	0	3/4	1	1	1/8		1/8	1		7	73	C#5	5	470
40	37	217/2	223/2	0.25		1/8	1/8	3/4	1	1	1/16		1/16	1		3	81	A5	5	471
40	37	435/4	447/4	0.25		3/16	3/16	3/4	1	1	1/16		1/16	1		4	76	E5	5	472
40	37	109	112	1.0		1/4	1/4	3/4	4	1	1/4		1/4	1		8	56	G#3	3	484
40	37	109	112	1.0		1/4	1/4	3/4	2	1	1/4		1/4	1		5	71	B4	4	480
40	37	109	112	0.5		1/4	1/4	3/4	1	1	1/8		1/8	1		2	74	D5	5	473
40	37	219/2	225/2	0.25		3/8	3/8	3/4	1	1	1/16		1/16	1		5	83	B5	5	474
40	37	439/4	451/4	0.25		7/16	7/16	3/4	1	1	1/16		1/16	1		4	76	E5	5	475
40	37	110	113	1.0		1/2	1/2	3/4	4	1	1/4		1/4	1		3	57	A3	3	485
40	37	110	113	1.0		1/2	1/2	3/4	2	1	1/4		1/4	1		3	69	A4	4	481
40	37	110	113	0.5		1/2	1/2	3/4	1	1	1/8		1/8	1		7	73	C#5	5	476
40	37	221/2	227/2	0.25		5/8	5/8	3/4	1	1	1/16		1/16	1		3	81	A5	5	477
40	37	443/4	455/4	0.25		11/16	11/16	3/4	1	1	1/16		1/16	1		4	76	E5	5	478
41	38	111	114	1.0		0	0	3/4	4	1	1/4		1/4	1		4	52	E3	3	493
41	38	111	114	2.0		0	0	3/4	1	2	1/2		1/2	1		4	64	E4	4	489
41	38	111	114	2.0		0	0	3/4	3	1	1/2		1/2	1		4	64	E4	4	492
41	38	111	114	1.0		0	0	3/4	2	1	1/4		1/4	1		3	69	A4	4	490
41	38	111	114	1.0		0	0	3/4	1	1	1/4		1/4	1		7	73	C#5	5	486
41	38	112	115	1.0		1/4	1/4	3/4	4	1	1/4		1/4	1		4	40	E2	2	494
41	38	112	115	1.0		1/4	1/4	3/4	2	1	1/4		1/4	1		8	68	G#4	4	491
41	38	112	115	1.0		1/4	1/4	3/4	1	1	1/4		1/4	1		5	71	B4	4	487
41	38	113	116	1.0		1/2	1/2	3/4	1	1	1/4		1/4	1		4	76	E5	5	488
42	39	114	117	1.0		0	0	3/4	4	1	1/4		1/4	1		3	45	A2	2	506
42	39	114	117	1.0		0	0	3/4	3	1	1/4		1/4	1		7	61	C#4	4	505
42	39	114	117	1.0		0	0	3/4	2	1	1/4		1/4	1		4	64	E4	4	504
42	39	114	117	0.5		0	0	3/4	1	1	1/8		1/8	1		7	73	C#5	5	495
42	39	229/2	235/2	0.25		1/8	1/8	3/4	1	1	1/16		1/16	1		3	81	A5	5	496
42	39	459/4	471/4	0.25		3/16	3/16	3/4	1	1	1/16		1/16	1		4	76	E5	5	497
42	39	115	118	0.5		1/4	1/4	3/4	1	1	1/8		1/8	1		7	73	C#5	5	498
42	39	231/2	237/2	0.25		3/8	3/8	3/4	1	1	1/16		1/16	1		4	76	E5	5	499
42	39	463/4	475/4	0.25		7/16	7/16	3/4	1	1	1/16		1/16	1		7	73	C#5	5	500
42	39	116	119	0.5		1/2	1/2	3/4	1	1	1/8		1/8	1		3	69	A4	4	501
42	39	233/2	239/2	0.25		5/8	5/8	3/4	1	1	1/16		1/16	1		7	73	C#5	5	502
42	39	467/4	479/4	0.25		11/16	11/16	3/4	1	1	1/16		1/16	1		3	69	A4	4	503
43	40	117	120	0.5		0	0	3/4	1	1	1/8		1/8	1		4	64	E4	4	507
43	40	235/2	241/2	0.25		1/8	1/8	3/4	1	1	1/16		1/16	1		3	69	A4	4	508
43	40	471/4	483/4	0.25		3/16	3/16	3/4	1	1	1/16		1/16	1		4	64	E4	4	509
43	40	118	121	0.5		1/4	1/4	3/4	1	1	1/8		1/8	1		7	61	C#4	4	510
43	40	237/2	243/2	0.25		3/8	3/8	3/4	1	1	1/16		1/16	1		4	64	E4	4	511
43	40	475/4	487/4	0.25		7/16	7/16	3/4	1	1	1/16		1/16	1		7	61	C#4	4	512
43	40	119	122	0.5		1/2	1/2	3/4	1	1	1/8		1/8	1		3	57	A3	3	513
43	40	239/2	245/2	0.25		5/8	5/8	3/4	1	1	1/16		1/16	1		7	61	C#4	4	514
43	40	479/4	491/4	0.25		11/16	11/16	3/4	1	1	1/16		1/16	1		3	57	A3	3	515
44	41	120	123	1.0		0	0	3/4	4	1	1/4		1/4	1		4	40	E2	2	534
44	41	120	123	0.5		0	0	3/4	1	1	1/8		1/8	1		8	56	G#3	3	516
44	41	120	123	1.0		0	0	3/4	3	1	1/4		1/4	1		5	59	B3	3	531
44	41	120	123	1.0		0	0	3/4	2	2	1/4		1/4	1		2	62	D4	4	528
44	41	120	123	1.0		0	0	3/4	2	1	1/4		1/4	1		4	64	E4	4	525
44	41	241/2	247/2	0.25		1/8	1/8	3/4	1	1	1/16		1/16	1		4	64	E4	4	517
44	41	483/4	495/4	0.25		3/16	3/16	3/4	1	1	1/16		1/16	1		2	62	D4	4	518
44	41	121	124	1.0		1/4	1/4	3/4	4	1	1/4		1/4	1		4	40	E2	2	535
44	41	121	124	0.5		1/4	1/4	3/4	1	1	1/8		1/8	1		8	56	G#3	3	519
44	41	121	124	1.0		1/4	1/4	3/4	3	1	1/4		1/4	1		5	59	B3	3	532
44	41	121	124	1.0		1/4	1/4	3/4	2	2	1/4		1/4	1		2	62	D4	4	529
44	41	121	124	1.0		1/4	1/4	3/4	2	1	1/4		1/4	1		4	64	E4	4	526
44	41	243/2	249/2	0.25		3/8	3/8	3/4	1	1	1/16		1/16	1		4	64	E4	4	520
44	41	487/4	499/4	0.25		7/16	7/16	3/4	1	1	1/16		1/16	1		2	62	D4	4	521
44	41	122	125	1.0		1/2	1/2	3/4	4	1	1/4		1/4	1		4	40	E2	2	536
44	41	122	125	0.5		1/2	1/2	3/4	1	1	1/8		1/8	1		8	56	G#3	3	522
44	41	122	125	1.0		1/2	1/2	3/4	3	1	1/4		1/4	1		5	59	B3	3	533
44	41	122	125	1.0		1/2	1/2	3/4	2	2	1/4		1/4	1		2	62	D4	4	530
44	41	122	125	1.0		1/2	1/2	3/4	2	1	1/4		1/4	1		4	64	E4	4	527
44	41	245/2	251/2	0.25		5/8	5/8	3/4	1	1	1/16		1/16	1		4	64	E4	4	523
44	41	491/4	503/4	0.25		11/16	11/16	3/4	1	1	1/16		1/16	1		2	62	D4	4	524
45	42	123	126	1.0		0	0	3/4	4	1	1/4		1/4	1		3	45	A2	2	542
45	42	123	126	1.0		0	0	3/4	3	1	1/4		1/4	1		3	57	A3	3	541
45	42	123	126	1.0		0	0	3/4	1	1	1/4		1/4	1		7	61	C#4	4	537
45	42	123	126	1.0		0	0	3/4	2	2	1/4		1/4	1		7	61	C#4	4	540
45	42	123	126	1.0		0	0	3/4	2	1	1/4		1/4	1		4	64	E4	4	539
45	42	125	128	1.0		1/2	1/2	3/4	1	1	1/4		1/4	1		4	76	E5	5	538
46	43	126	129	1.0		0	0	3/4	4	1	1/4		1/4	1		3	45	A2	2	554
46	43	126	129	1.0		0	0	3/4	3	1	1/4		1/4	1		3	57	A3	3	553
46	43	126	129	1.0		0	0	3/4	2	1	1/4		1/4	1		4	64	E4	4	552
46	43	126	129	0.5		0	0	3/4	1	1	1/8		1/8	1		7	73	C#5	5	543
46	43	253/2	259/2	0.25		1/8	1/8	3/4	1	1	1/16		1/16	1		3	81	A5	5	544
46	43	507/4	519/4	0.25		3/16	3/16	3/4	1	1	1/16		1/16	1		4	76	E5	5	545
46	43	127	130	0.5		1/4	1/4	3/4	1	1	1/8		1/8	1		7	73	C#5	5	546
46	43	255/2	261/2	0.25		3/8	3/8	3/4	1	1	1/16		1/16	1		4	76	E5	5	547
46	43	511/4	523/4	0.25		7/16	7/16	3/4	1	1	1/16		1/16	1		7	73	C#5	5	548
46	43	128	131	0.5		1/2	1/2	3/4	1	1	1/8		1/8	1		3	69	A4	4	549
46	43	257/2	263/2	0.25		5/8	5/8	3/4	1	1	1/16		1/16	1		7	73	C#5	5	550
46	43	515/4	527/4	0.25		11/16	11/16	3/4	1	1	1/16		1/16	1		3	69	A4	4	551
47	44	129	132	1.0		0	0	3/4	4	1	1/4		1/4	1		2	50	D3	3	566
47	44	129	132	1.0		0	0	3/4	3	1	1/4		1/4	1		3	57	A3	3	565
47	44	129	132	1.0		0	0	3/4	2	1	1/4		1/4	1		6	66	F#4	4	564
47	44	129	132	0.5		0	0	3/4	1	1	1/8		1/8	1		6	78	F#5	5	555
47	44	259/2	265/2	0.25		1/8	1/8	3/4	1	1	1/16		1/16	1		3	81	A5	5	556
47	44	519/4	531/4	0.25		3/16	3/16	3/4	1	1	1/16		1/16	1		6	78	F#5	5	557
47	44	130	133	0.5		1/4	1/4	3/4	1	1	1/8		1/8	1		2	74	D5	5	558
47	44	261/2	267/2	0.25		3/8	3/8	3/4	1	1	1/16		1/16	1		6	78	F#5	5	559
47	44	523/4	535/4	0.25		7/16	7/16	3/4	1	1	1/16		1/16	1		2	74	D5	5	560
47	44	131	134	0.5		1/2	1/2	3/4	1	1	1/8		1/8	1		5	71	B4	4	561
47	44	263/2	269/2	0.25		5/8	5/8	3/4	1	1	1/16		1/16	1		2	74	D5	5	562
47	44	527/4	539/4	0.25		11/16	11/16	3/4	1	1	1/16		1/16	1		5	71	B4	4	563
48	45	132	135	1.0		0	0	3/4	4	1	1/4		1/4	1		4	52	E3	3	580
48	45	132	135	0.5		0	0	3/4	1	1	1/8		1/8	1		4	64	E4	4	567
48	45	132	135	3.0		0	0	3/4	3	1	3/4		1/2	3/2	1	4	64	E4	4	579
48	45	132	135	1.0		0	0	3/4	2	1	1/4		1/4	1		8	68	G#4	4	576
48	45	265/2	271/2	0.25		1/8	1/8	3/4	1	1	1/16		1/16	1		5	83	B5	5	568
48	45	531/4	543/4	0.25		3/16	3/16	3/4	1	1	1/16		1/16	1		8	80	G#5	5	569
48	45	133	136	1.0		1/4	1/4	3/4	4	1	1/4		1/4	1		8	56	G#3	3	581
48	45	133	136	1.0		1/4	1/4	3/4	2	1	1/4		1/4	1		5	71	B4	4	577
48	45	133	136	0.5		1/4	1/4	3/4	1	1	1/8		1/8	1		4	76	E5	5	570
48	45	267/2	273/2	0.25		3/8	3/8	3/4	1	1	1/16		1/16	1		2	74	D5	5	571
48	45	535/4	547/4	0.25		7/16	7/16	3/4	1	1	1/16		1/16	1		5	71	B4	4	572
48	45	134	137	1.0		1/2	1/2	3/4	4	1	1/4		1/4	1		3	57	A3	3	582
48	45	134	137	1.0		1/2	1/2	3/4	2	1	1/4		1/4	1		3	69	A4	4	578
48	45	134	137	0.5		1/2	1/2	3/4	1	1	1/8		1/8	1		7	73	C#5	5	573
48	45	269/2	275/2	0.25		5/8	5/8	3/4	1	1	1/16		1/16	1		3	81	A5	5	574
48	45	539/4	551/4	0.25		11/16	11/16	3/4	1	1	1/16		1/16	1		4	76	E5	5	575
49	46	135	138	1.0		0	0	3/4	4	1	1/4		1/4	1		4	52	E3	3	596
49	46	135	138	0.5		0	0	3/4	1	1	1/8		1/8	1		4	64	E4	4	583
49	46	135	138	3.0		0	0	3/4	3	1	3/4		1/2	3/2	-1	4	64	E4	4	595
49	46	135	138	1.0		0	0	3/4	2	1	1/4		1/4	1		8	68	G#4	4	592
49	46	271/2	277/2	0.25		1/8	1/8	3/4	1	1	1/16		1/16	1		5	83	B5	5	584
49	46	543/4	555/4	0.25		3/16	3/16	3/4	1	1	1/16		1/16	1		8	80	G#5	5	585
49	46	136	139	1.0		1/4	1/4	3/4	4	1	1/4		1/4	1		8	56	G#3	3	597
49	46	136	139	1.0		1/4	1/4	3/4	2	1	1/4		1/4	1		5	71	B4	4	593
49	46	136	139	0.5		1/4	1/4	3/4	1	1	1/8		1/8	1		4	76	E5	5	586
49	46	273/2	279/2	0.25		3/8	3/8	3/4	1	1	1/16		1/16	1		2	74	D5	5	587
49	46	547/4	559/4	0.25		7/16	7/16	3/4	1	1	1/16		1/16	1		5	71	B4	4	588
49	46	137	140	1.0		1/2	1/2	3/4	4	1	1/4		1/4	1		3	57	A3	3	598
49	46	137	140	1.0		1/2	1/2	3/4	2	1	1/4		1/4	1		3	69	A4	4	594
49	46	137	140	0.5		1/2	1/2	3/4	1	1	1/8		1/8	1		7	73	C#5	5	589
49	46	275/2	281/2	0.25		5/8	5/8	3/4	1	1	1/16		1/16	1		3	81	A5	5	590
49	46	551/4	563/4	0.25		11/16	11/16	3/4	1	1	1/16		1/16	1		4	76	E5	5	591
50	47	138	141	1.0		0	0	3/4	4	1	1/4		1/4	1		2	50	D3	3	614
50	47	138	141	1.0		0	0	3/4	3	1	1/4		1/4	1		2	62	D4	4	611
50	47	138	141	1.0		0	0	3/4	2	1	1/4		1/4	1		6	66	F#4	4	608
50	47	138	141	0.5		0	0	3/4	1	1	1/8		1/8	1		6	78	F#5	5	599
50	47	277/2	283/2	0.25		1/8	1/8	3/4	1	1	1/16		1/16	1		2	74	D5	5	600
50	47	555/4	567/4	0.25		3/16	3/16	3/4	1	1	1/16		1/16	1		5	71	B4	4	601
50	47	139	142	1.0		1/4	1/4	3/4	4	1	1/4		1/4	1		4	52	E3	3	615
50	47	139	142	1.0		1/4	1/4	3/4	3	1	1/4		1/4	1		7	61	C#4	4	612
50	47	139	142	1.0		1/4	1/4	3/4	2	1	1/4		1/4	1		4	64	E4	4	609
50	47	139	142	0.5		1/4	1/4	3/4	1	1	1/8		1/8	1		4	76	E5	5	602
50	47	279/2	285/2	0.25		3/8	3/8	3/4	1	1	1/16		1/16	1		7	73	C#5	5	603
50	47	559/4	571/4	0.25		7/16	7/16	3/4	1	1	1/16		1/16	1		3	69	A4	4	604
50	47	140	143	1.0		1/2	1/2	3/4	4	1	1/4		1/4	1		4	40	E2	2	616
50	47	140	143	1.0		1/2	1/2	3/4	3	1	1/4		1/4	1		5	59	B3	3	613
50	47	140	143	1.0		1/2	1/2	3/4	2	1	1/4		1/4	1		2	62	D4	4	610
50	47	140	143	0.5		1/2	1/2	3/4	1	1	1/8		1/8	1		2	74	D5	5	605
50	47	281/2	287/2	0.25		5/8	5/8	3/4	1	1	1/16		1/16	1		5	71	B4	4	606
50	47	563/4	575/4	0.25		11/16	11/16	3/4	1	1	1/16		1/16	1		8	68	G#4	4	607
51	48		144	1.0	1	0	0	3/4	3	1	1/4		1/4	1		3	57	A3	3	619
51	48		144	1.0	1	0	0	3/4	4	1	1/4		1/4	1		3	57	A3	3	620
51	48		144	1.0	1	0	0	3/4	2	1	1/4		1/4	1		7	61	C#4	4	618
51	48		144	1.0	1	0	0	3/4	1	1	1/4		1/4	1		3	69	A4	4	617
51	48		145	1.0	1	1/4	1/4	3/4	4	1	1/4		1/4	1		3	45	A2	2	621
52	48	141	146	1.0	2	0	0	3/4	3	1	1/4		1/4	1		3	57	A3	3	624
52	48	141	146	1.0	2	0	0	3/4	4	1	1/4		1/4	1		3	57	A3	3	625
52	48	141	146	1.0	2	0	0	3/4	2	1	1/4		1/4	1		7	61	C#4	4	623
52	48	141	146	1.0	2	0	0	3/4	1	1	1/4		1/4	1		3	69	A4	4	622
52	48	142	147	1.0	2	1/4	1/4	3/4	4	1	1/4		1/4	1		3	45	A2	2	626
53	49	144	149	1.0		0	0	3/4	4	1	1/4		1/4	1		3	45	A2	2	633
53	49	144	149	2.0		0	0	3/4	3	1	1/2		1/2	1		7	61	C#4	4	631
53	49	144	149	2.0		0	0	3/4	2	1	1/2		1/2	1		4	64	E4	4	629
53	49	144	149	2.0		0	0	3/4	1	1	1/2		1/2	1		4	76	E5	5	627
53	49	145	150	1.0		1/4	1/4	3/4	4	1	1/4		1/4	1		7	49	C#3	3	634
53	49	146	151	1.0		1/2	1/2	3/4	4	1	1/4		1/4	1		4	52	E3	3	635
53	49	146	151	1.0		1/2	1/2	3/4	3	1	1/4		1/4	1		5	59	B3	3	632
53	49	146	151	1.0		1/2	1/2	3/4	2	1	1/4		1/4	1		2	62	D4	4	630
53	49	146	151	1.0		1/2	1/2	3/4	1	1	1/4		1/4	1		2	74	D5	5	628
54	50	147	152	2.0		0	0	3/4	4	1	1/2		1/2	1		6	54	F#3	3	645
54	50	147	152	0.5		0	0	3/4	3	1	1/8		1/8	1		5	59	B3	3	642
54	50	147	152	0.5		0	0	3/4	2	1	1/8		1/8	1		2	62	D4	4	639
54	50	147	152	0.5		0	0	3/4	1	1	1/8		1/8	1		2	74	D5	5	636
54	50	295/2	305/2	0.5		1/8	1/8	3/4	3	1	1/8		1/8	1		3	57	A3	3	643
54	50	295/2	305/2	0.5		1/8	1/8	3/4	2	1	1/8		1/8	1		7	61	C#4	4	640
54	50	295/2	305/2	0.5		1/8	1/8	3/4	1	1	1/8		1/8	1		7	73	C#5	5	637
54	50	148	153	2.0		1/4	1/4	3/4	3	1	1/2		1/2	1		3	57	A3	3	644
54	50	148	153	2.0		1/4	1/4	3/4	2	1	1/2		1/2	1		7	61	C#4	4	641
54	50	148	153	2.0		1/4	1/4	3/4	1	1	1/2		1/2	1		7	73	C#5	5	638
54	50	149	154	1.0		1/2	1/2	3/4	4	1	1/4		1/4	1		4	52	E3	3	646
55	51	150	155	1.0		0	0	3/4	4	1	1/4		1/4	1		2	50	D3	3	665
55	51	150	155	0.75		0	0	3/4	3	1	3/16		1/8	3/2		5	59	B3	3	659
55	51	150	155	0.75		0	0	3/4	2	1	3/16		1/8	3/2		2	62	D4	4	653
55	51	150	155	0.75		0	0	3/4	1	1	3/16		1/8	3/2		2	74	D5	5	647
55	51	603/4	623/4	0.25		3/16	3/16	3/4	3	1	1/16		1/16	1		7	61	C#4	4	660
55	51	603/4	623/4	0.25		3/16	3/16	3/4	2	1	1/16		1/16	1		4	64	E4	4	654
55	51	603/4	623/4	0.25		3/16	3/16	3/4	1	1	1/16		1/16	1		4	76	E5	5	648
55	51	151	156	1.0		1/4	1/4	3/4	4	1	1/4		1/4	1		5	47	B2	2	666
55	51	151	156	0.5		1/4	1/4	3/4	3	1	1/8		1/8	1		2	62	D4	4	661
55	51	151	156	0.5		1/4	1/4	3/4	2	1	1/8		1/8	1		6	66	F#4	4	655
55	51	151	156	0.5		1/4	1/4	3/4	1	1	1/8		1/8	1		6	78	F#5	5	649
55	51	607/4	627/4	0.25		7/16	7/16	3/4	3	1	1/16		1/16	1		7	61	C#4	4	662
55	51	607/4	627/4	0.25		7/16	7/16	3/4	2	1	1/16		1/16	1		4	64	E4	4	656
55	51	607/4	627/4	0.25		7/16	7/16	3/4	1	1	1/16		1/16	1		4	76	E5	5	650
55	51	152	157	1.0		1/2	1/2	3/4	4	1	1/4		1/4	1		2	50	D3	3	667
55	51	152	157	0.5		1/2	1/2	3/4	3	1	1/8		1/8	1		5	59	B3	3	663
55	51	152	157	0.5		1/2	1/2	3/4	2	1	1/8		1/8	1		2	62	D4	4	657
55	51	152	157	0.5		1/2	1/2	3/4	1	1	1/8		1/8	1		2	74	D5	5	651
55	51	611/4	631/4	0.25		11/16	11/16	3/4	3	1	1/16		1/16	1		3	57	A3	3	664
55	51	611/4	631/4	0.25		11/16	11/16	3/4	2	1	1/16		1/16	1		7	61	C#4	4	658
55	51	611/4	631/4	0.25		11/16	11/16	3/4	1	1	1/16		1/16	1		7	73	C#5	5	652
56	52	153	158	1.0		0	0	3/4	4	1	1/4		1/4	1		4	52	E3	3	674
56	52	153	158	2.0		0	0	3/4	3	1	1/2		1/2	1		3	57	A3	3	672
56	52	153	158	2.0		0	0	3/4	2	1	1/2		1/2	1		7	61	C#4	4	670
56	52	153	158	2.0		0	0	3/4	1	1	1/2		1/2	1		7	73	C#5	5	668
56	52	154	159	1.0		1/4	1/4	3/4	4	1	1/4		1/4	1		5	47	B2	2	675
56	52	155	160	1.0		1/2	1/2	3/4	4	1	1/4		1/4	1		4	40	E2	2	676
56	52	155	160	1.0		1/2	1/2	3/4	3	1	1/4		1/4	1		8	56	G#3	3	673
56	52	155	160	1.0		1/2	1/2	3/4	2	1	1/4		1/4	1		5	59	B3	3	671
56	52	155	160	1.0		1/2	1/2	3/4	1	1	1/4		1/4	1		5	71	B4	4	669
57	53	156	161	2.0		0	0	3/4	3	1	1/2		1/2	1		2	62	D4	4	681
57	53	156	161	2.0		0	0	3/4	2	1	1/2		1/2	1		6	66	F#4	4	679
57	53	156	161	2.0		0	0	3/4	1	1	1/2		1/2	1		6	78	F#5	5	677
57	53	157	162	0.75		1/4	1/4	3/4	4	1	3/16		1/8	3/2		5	47	B2	2	683
57	53	631/4	651/4	0.25		7/16	7/16	3/4	4	1	1/16		1/16	1		7	49	C#3	3	684
57	53	158	163	0.75		1/2	1/2	3/4	4	1	3/16		1/8	3/2		2	50	D3	3	685
57	53	158	163	1.0		1/2	1/2	3/4	3	1	1/4		1/4	1		7	61	C#4	4	682
57	53	158	163	1.0		1/2	1/2	3/4	2	1	1/4		1/4	1		4	64	E4	4	680
57	53	158	163	1.0		1/2	1/2	3/4	1	1	1/4		1/4	1		4	76	E5	5	678
57	53	635/4	655/4	0.25		11/16	11/16	3/4	4	1	1/16		1/16	1		4	52	E3	3	686
58	54	159	164	2.0		0	0	3/4	4	1	1/2		1/2	1		11	53	E#3	3	699
58	54	159	164	0.5		0	0	3/4	3	1	1/8		1/8	1		7	61	C#4	4	695
58	54	159	164	0.5		0	0	3/4	2	1	1/8		1/8	1		4	64	E4	4	691
58	54	159	164	0.5		0	0	3/4	1	1	1/8		1/8	1		4	76	E5	5	687
58	54	319/2	329/2	0.5		1/8	1/8	3/4	3	1	1/8		1/8	1		5	59	B3	3	696
58	54	319/2	329/2	0.5		1/8	1/8	3/4	2	1	1/8		1/8	1		2	62	D4	4	692
58	54	319/2	329/2	0.5		1/8	1/8	3/4	1	1	1/8		1/8	1		2	74	D5	5	688
58	54	160	165	1.5		1/4	1/4	3/4	3	1	3/8		1/4	3/2		5	59	B3	3	697
58	54	160	165	1.5		1/4	1/4	3/4	2	1	3/8		1/4	3/2		2	62	D4	4	693
58	54	160	165	1.5		1/4	1/4	3/4	1	1	3/8		1/4	3/2		2	74	D5	5	689
58	54	161	166	1.0		1/2	1/2	3/4	4	1	1/4		1/4	1		6	54	F#3	3	700
58	54	323/2	333/2	0.5		5/8	5/8	3/4	3	1	1/8		1/8	1		3	57	A3	3	698
58	54	323/2	333/2	0.5		5/8	5/8	3/4	2	1	1/8		1/8	1		7	61	C#4	4	694
58	54	323/2	333/2	0.5		5/8	5/8	3/4	1	1	1/8		1/8	1		7	73	C#5	5	690
59	55	162	167	0.0		0	0	3/4	1	1	0	acciaccatura	1/8	1		7	73	C#5	5	701
59	55	162	167	0.0		0	0	3/4	2	1	0	acciaccatura	1/8	1		7	61	C#4	4	707
59	55	162	167	1.0		0	0	3/4	4	1	1/4		1/4	1		2	50	D3	3	715
59	55	162	167	2.0		0	0	3/4	3	1	1/2		1/2	1		3	57	A3	3	713
59	55	162	167	1.0		0	0	3/4	2	1	1/4		1/4	1		5	59	B3	3	708
59	55	162	167	1.0		0	0	3/4	1	1	1/4		1/4	1		5	71	B4	4	702
59	55	163	168	1.0		1/4	1/4	3/4	4	1	1/4		1/4	1		5	47	B2	2	716
59	55	163	168	0.75		1/4	1/4	3/4	2	1	3/16		1/8	3/2		5	59	B3	3	709
59	55	163	168	0.75		1/4	1/4	3/4	1	1	3/16		1/8	3/2		5	71	B4	4	703
59	55	655/4	675/4	0.25		7/16	7/16	3/4	2	1	1/16		1/16	1		3	57	A3	3	710
59	55	655/4	675/4	0.25		7/16	7/16	3/4	1	1	1/16		1/16	1		3	69	A4	4	704
59	55	164	169	1.0		1/2	1/2	3/4	4	1	1/4		1/4	1		4	52	E3	3	717
59	55	164	169	1.0		1/2	1/2	3/4	3	1	1/4		1/4	1		8	56	G#3	3	714
59	55	164	169	0.75		1/2	1/2	3/4	2	1	3/16		1/8	3/2		5	59	B3	3	711
59	55	164	169	0.75		1/2	1/2	3/4	1	1	3/16		1/8	3/2		5	71	B4	4	705
59	55	659/4	679/4	0.25		11/16	11/16	3/4	2	1	1/16		1/16	1		7	61	C#4	4	712
59	55	659/4	679/4	0.25		11/16	11/16	3/4	1	1	1/16		1/16	1		7	73	C#5	5	706
60	56	165	170	1.0		0	0	3/4	4	1	1/4		1/4	1		3	57	A3	3	721
60	56	165	170	2.0		0	0	3/4	2	1	1/2		1/2	1		3	57	A3	3	719
60	56	165	170	2.0		0	0	3/4	3	1	1/2		1/2	1		3	57	A3	3	720
60	56	165	170	2.0		0	0	3/4	1	1	1/2		1/2	1		3	69	A4	4	718
60	56	166	171	1.0		1/4	1/4	3/4	4	1	1/4		1/4	1		4	52	E3	3	722
60	56	167	172	1.0		1/2	1/2	3/4	4	1	1/4		1/4	1		3	45	A2	2	723
61	57	168	173	3.0		0	0	3/4	4	1	3/4		1/2	3/2	1	4	52	E3	3	737
61	57	168	173	0.75		0	0	3/4	3	1	3/16		1/8	3/2		8	56	G#3	3	731
61	57	168	173	0.75		0	0	3/4	2	1	3/16		1/8	3/2		5	59	B3	3	725
61	57	168	173	3.0		0	0	3/4	1	1	3/4		1/2	3/2	1	4	76	E5	5	724
61	57	675/4	695/4	0.25		3/16	3/16	3/4	3	1	1/16		1/16	1		3	57	A3	3	732
61	57	675/4	695/4	0.25		3/16	3/16	3/4	2	1	1/16		1/16	1		7	61	C#4	4	726
61	57	169	174	0.5		1/4	1/4	3/4	3	1	1/8		1/8	1		5	59	B3	3	733
61	57	169	174	0.5		1/4	1/4	3/4	2	1	1/8		1/8	1		2	62	D4	4	727
61	57	679/4	699/4	0.25		7/16	7/16	3/4	3	1	1/16		1/16	1		10	58	A#3	3	734
61	57	679/4	699/4	0.25		7/16	7/16	3/4	2	1	1/16		1/16	1		7	61	C#4	4	728
61	57	170	175	0.5		1/2	1/2	3/4	3	1	1/8		1/8	1		5	59	B3	3	735
61	57	170	175	0.5		1/2	1/2	3/4	2	1	1/8		1/8	1		2	62	D4	4	729
61	57	683/4	703/4	0.25		11/16	11/16	3/4	3	1	1/16		1/16	1		10	58	A#3	3	736
61	57	683/4	703/4	0.25		11/16	11/16	3/4	2	1	1/16		1/16	1		7	61	C#4	4	730
62	58	171	176	3.0		0	0	3/4	4	1	3/4		1/2	3/2	-1	4	52	E3	3	746
62	58	171	176	3.0		0	0	3/4	3	1	3/4		1/2	3/2		5	59	B3	3	745
62	58	171	176	3.0		0	0	3/4	2	1	3/4		1/2	3/2		2	62	D4	4	744
62	58	171	176	0.5		0	0	3/4	1	1	1/8		1/8	1	-1	4	76	E5	5	738
62	58	343/2	353/2	0.5		1/8	1/8	3/4	1	1	1/8		1/8	1		5	83	B5	5	739
62	58	172	177	0.5		1/4	1/4	3/4	1	1	1/8		1/8	1		3	81	A5	5	740
62	58	345/2	355/2	0.5		3/8	3/8	3/4	1	1	1/8		1/8	1		8	80	G#5	5	741
62	58	173	178	0.5		1/2	1/2	3/4	1	1	1/8		1/8	1		6	78	F#5	5	742
62	58	347/2	357/2	0.5		5/8	5/8	3/4	1	1	1/8		1/8	1		4	76	E5	5	743
63	59	174	179	3.0		0	0	3/4	4	1	3/4		1/2	3/2	1	4	52	E3	3	760
63	59	174	179	0.75		0	0	3/4	3	1	3/16		1/8	3/2		3	57	A3	3	754
63	59	174	179	0.75		0	0	3/4	2	1	3/16		1/8	3/2		7	61	C#4	4	748
63	59	174	179	3.0		0	0	3/4	1	1	3/4		1/2	3/2		4	76	E5	5	747
63	59	699/4	719/4	0.25		3/16	3/16	3/4	3	1	1/16		1/16	1		5	59	B3	3	755
63	59	699/4	719/4	0.25		3/16	3/16	3/4	2	1	1/16		1/16	1		2	62	D4	4	749
63	59	175	180	0.5		1/4	1/4	3/4	3	1	1/8		1/8	1		7	61	C#4	4	756
63	59	175	180	0.5		1/4	1/4	3/4	2	1	1/8		1/8	1		4	64	E4	4	750
63	59	703/4	723/4	0.25		7/16	7/16	3/4	3	1	1/16		1/16	1		5	59	B3	3	757
63	59	703/4	723/4	0.25		7/16	7/16	3/4	2	1	1/16		1/16	1		9	63	D#4	4	751
63	59	176	181	0.5		1/2	1/2	3/4	3	1	1/8		1/8	1		7	61	C#4	4	758
63	59	176	181	0.5		1/2	1/2	3/4	2	1	1/8		1/8	1		4	64	E4	4	752
63	59	707/4	727/4	0.25		11/16	11/16	3/4	3	1	1/16		1/16	1		5	59	B3	3	759
63	59	707/4	727/4	0.25		11/16	11/16	3/4	2	1	1/16		1/16	1		9	63	D#4	4	753
64	60	177	182	3.0		0	0	3/4	4	1	3/4		1/2	3/2	-1	4	52	E3	3	769
64	60	177	182	3.0		0	0	3/4	3	1	3/4		1/2	3/2		7	61	C#4	4	768
64	60	177	182	3.0		0	0	3/4	2	1	3/4		1/2	3/2		4	64	E4	4	767
64	60	177	182	0.5		0	0	3/4	1	1	1/8		1/8	1		4	76	E5	5	761
64	60	355/2	365/2	0.5		1/8	1/8	3/4	1	1	1/8		1/8	1		7	85	C#6	6	762
64	60	178	183	0.5		1/4	1/4	3/4	1	1	1/8		1/8	1		5	83	B5	5	763
64	60	357/2	367/2	0.5		3/8	3/8	3/4	1	1	1/8		1/8	1		3	81	A5	5	764
64	60	179	184	0.5		1/2	1/2	3/4	1	1	1/8		1/8	1		8	80	G#5	5	765
64	60	359/2	369/2	0.5		5/8	5/8	3/4	1	1	1/8		1/8	1		6	78	F#5	5	766
65	61	180	185	1.0		0	0	3/4	4	1	1/4		1/4	1		3	45	A2	2	776
65	61	180	185	2.0		0	0	3/4	3	1	1/2		1/2	1		7	61	C#4	4	774
65	61	180	185	2.0		0	0	3/4	2	1	1/2		1/2	1		4	64	E4	4	772
65	61	180	185	2.0		0	0	3/4	1	1	1/2		1/2	1		4	76	E5	5	770
65	61	181	186	1.0		1/4	1/4	3/4	4	1	1/4		1/4	1		7	49	C#3	3	777
65	61	182	187	1.0		1/2	1/2	3/4	4	1	1/4		1/4	1		4	52	E3	3	778
65	61	182	187	1.0		1/2	1/2	3/4	3	1	1/4		1/4	1		5	59	B3	3	775
65	61	182	187	1.0		1/2	1/2	3/4	2	1	1/4		1/4	1		2	62	D4	4	773
65	61	182	187	1.0		1/2	1/2	3/4	1	1	1/4		1/4	1		2	74	D5	5	771
66	62	183	188	2.0		0	0	3/4	4	1	1/2		1/2	1		6	54	F#3	3	788
66	62	183	188	0.5		0	0	3/4	3	1	1/8		1/8	1		5	59	B3	3	785
66	62	183	188	0.5		0	0	3/4	2	1	1/8		1/8	1		2	62	D4	4	782
66	62	183	188	0.5		0	0	3/4	1	1	1/8		1/8	1		2	74	D5	5	779
66	62	367/2	377/2	0.5		1/8	1/8	3/4	3	1	1/8		1/8	1		3	57	A3	3	786
66	62	367/2	377/2	0.5		1/8	1/8	3/4	2	1	1/8		1/8	1		7	61	C#4	4	783
66	62	367/2	377/2	0.5		1/8	1/8	3/4	1	1	1/8		1/8	1		7	73	C#5	5	780
66	62	184	189	2.0		1/4	1/4	3/4	3	1	1/2		1/2	1		3	57	A3	3	787
66	62	184	189	2.0		1/4	1/4	3/4	2	1	1/2		1/2	1		7	61	C#4	4	784
66	62	184	189	2.0		1/4	1/4	3/4	1	1	1/2		1/2	1		7	73	C#5	5	781
66	62	185	190	1.0		1/2	1/2	3/4	4	1	1/4		1/4	1		4	52	E3	3	789
67	63	186	191	1.0		0	0	3/4	4	1	1/4		1/4	1		2	50	D3	3	808
67	63	186	191	0.75		0	0	3/4	3	1	3/16		1/8	3/2		5	59	B3	3	802
67	63	186	191	0.75		0	0	3/4	2	1	3/16		1/8	3/2		2	62	D4	4	796
67	63	186	191	0.75		0	0	3/4	1	1	3/16		1/8	3/2		2	74	D5	5	790
67	63	747/4	767/4	0.25		3/16	3/16	3/4	3	1	1/16		1/16	1		7	61	C#4	4	803
67	63	747/4	767/4	0.25		3/16	3/16	3/4	2	1	1/16		1/16	1		4	64	E4	4	797
67	63	747/4	767/4	0.25		3/16	3/16	3/4	1	1	1/16		1/16	1		4	76	E5	5	791
67	63	187	192	1.0		1/4	1/4	3/4	4	1	1/4		1/4	1		5	47	B2	2	809
67	63	187	192	0.5		1/4	1/4	3/4	3	1	1/8		1/8	1		2	62	D4	4	804
67	63	187	192	0.5		1/4	1/4	3/4	2	1	1/8		1/8	1		6	66	F#4	4	798
67	63	187	192	0.5		1/4	1/4	3/4	1	1	1/8		1/8	1		6	78	F#5	5	792
67	63	751/4	771/4	0.25		7/16	7/16	3/4	3	1	1/16		1/16	1		7	61	C#4	4	805
67	63	751/4	771/4	0.25		7/16	7/16	3/4	2	1	1/16		1/16	1		4	64	E4	4	799
67	63	751/4	771/4	0.25		7/16	7/16	3/4	1	1	1/16		1/16	1		4	76	E5	5	793
67	63	188	193	1.0		1/2	1/2	3/4	4	1	1/4		1/4	1		2	50	D3	3	810
67	63	188	193	0.5		1/2	1/2	3/4	3	1	1/8		1/8	1		5	59	B3	3	806
67	63	188	193	0.5		1/2	1/2	3/4	2	1	1/8		1/8	1		2	62	D4	4	800
67	63	188	193	0.5		1/2	1/2	3/4	1	1	1/8		1/8	1		2	74	D5	5	794
67	63	755/4	775/4	0.25		11/16	11/16	3/4	3	1	1/16		1/16	1		3	57	A3	3	807
67	63	755/4	775/4	0.25		11/16	11/16	3/4	2	1	1/16		1/16	1		7	61	C#4	4	801
67	63	755/4	775/4	0.25		11/16	11/16	3/4	1	1	1/16		1/16	1		7	73	C#5	5	795
68	64	189	194	1.0		0	0	3/4	4	1	1/4		1/4	1		4	52	E3	3	817
68	64	189	194	2.0		0	0	3/4	3	1	1/2		1/2	1		3	57	A3	3	815
68	64	189	194	2.0		0	0	3/4	2	1	1/2		1/2	1		7	61	C#4	4	813
68	64	189	194	2.0		0	0	3/4	1	1	1/2		1/2	1		7	73	C#5	5	811
68	64	190	195	1.0		1/4	1/4	3/4	4	1	1/4		1/4	1		5	47	B2	2	818
68	64	191	196	1.0		1/2	1/2	3/4	4	1	1/4		1/4	1		4	40	E2	2	819
68	64	191	196	1.0		1/2	1/2	3/4	3	1	1/4		1/4	1		8	56	G#3	3	816
68	64	191	196	1.0		1/2	1/2	3/4	2	1	1/4		1/4	1		5	59	B3	3	814
68	64	191	196	1.0		1/2	1/2	3/4	1	1	1/4		1/4	1		5	71	B4	4	812
69	65	192	197	2.0		0	0	3/4	3	1	1/2		1/2	1		2	62	D4	4	824
69	65	192	197	2.0		0	0	3/4	2	1	1/2		1/2	1		6	66	F#4	4	822
69	65	192	197	2.0		0	0	3/4	1	1	1/2		1/2	1		6	78	F#5	5	820
69	65	193	198	0.75		1/4	1/4	3/4	4	1	3/16		1/8	3/2		5	47	B2	2	826
69	65	775/4	795/4	0.25		7/16	7/16	3/4	4	1	1/16		1/16	1		7	49	C#3	3	827
69	65	194	199	0.75		1/2	1/2	3/4	4	1	3/16		1/8	3/2		2	50	D3	3	828
69	65	194	199	1.0		1/2	1/2	3/4	3	1	1/4		1/4	1		7	61	C#4	4	825
69	65	194	199	1.0		1/2	1/2	3/4	2	1	1/4		1/4	1		4	64	E4	4	823
69	65	194	199	1.0		1/2	1/2	3/4	1	1	1/4		1/4	1		4	76	E5	5	821
69	65	779/4	799/4	0.25		11/16	11/16	3/4	4	1	1/16		1/16	1		4	52	E3	3	829
70	66	195	200	0.0		0	0	3/4	1	1	0	acciaccatura	1/8	1		4	76	E5	5	830
70	66	195	200	0.0		0	0	3/4	2	1	0	acciaccatura	1/8	1		4	64	E4	4	834
70	66	195	200	0.0		0	0	3/4	3	1	0	acciaccatura	1/8	1		7	61	C#4	4	838
70	66	195	200	2.0		0	0	3/4	4	1	1/2		1/2	1		11	53	E#3	3	842
70	66	195	200	1.0		0	0	3/4	3	1	1/4		1/4	1		5	59	B3	3	839
70	66	195	200	1.0		0	0	3/4	2	1	1/4		1/4	1		2	62	D4	4	835
70	66	195	200	1.0		0	0	3/4	1	1	1/4		1/4	1		2	74	D5	5	831
70	66	196	201	1.5		1/4	1/4	3/4	3	1	3/8		1/4	3/2		5	59	B3	3	840
70	66	196	201	1.5		1/4	1/4	3/4	2	1	3/8		1/4	3/2		2	62	D4	4	836
70	66	196	201	1.5		1/4	1/4	3/4	1	1	3/8		1/4	3/2		2	74	D5	5	832
70	66	197	202	1.0		1/2	1/2	3/4	4	1	1/4		1/4	1		6	54	F#3	3	843
70	66	395/2	405/2	0.5		5/8	5/8	3/4	3	1	1/8		1/8	1		3	57	A3	3	841
70	66	395/2	405/2	0.5		5/8	5/8	3/4	2	1	1/8		1/8	1		7	61	C#4	4	837
70	66	395/2	405/2	0.5		5/8	5/8	3/4	1	1	1/8		1/8	1		7	73	C#5	5	833
71	67	198	203	0.0		0	0	3/4	1	1	0	acciaccatura	1/8	1		7	73	C#5	5	844
71	67	198	203	0.0		0	0	3/4	2	1	0	acciaccatura	1/8	1		7	61	C#4	4	850
71	67	198	203	1.0		0	0	3/4	4	1	1/4		1/4	1		2	50	D3	3	858
71	67	198	203	2.0		0	0	3/4	3	1	1/2		1/2	1		3	57	A3	3	856
71	67	198	203	1.0		0	0	3/4	2	1	1/4		1/4	1		5	59	B3	3	851
71	67	198	203	1.0		0	0	3/4	1	1	1/4		1/4	1		5	71	B4	4	845
71	67	199	204	1.0		1/4	1/4	3/4	4	1	1/4		1/4	1		5	47	B2	2	859
71	67	199	204	0.75		1/4	1/4	3/4	2	1	3/16		1/8	3/2		5	59	B3	3	852
71	67	199	204	0.75		1/4	1/4	3/4	1	1	3/16		1/8	3/2		5	71	B4	4	846
71	67	799/4	819/4	0.25		7/16	7/16	3/4	2	1	1/16		1/16	1		3	57	A3	3	853
71	67	799/4	819/4	0.25		7/16	7/16	3/4	1	1	1/16		1/16	1		3	69	A4	4	847
71	67	200	205	1.0		1/2	1/2	3/4	4	1	1/4		1/4	1		4	52	E3	3	860
71	67	200	205	1.0		1/2	1/2	3/4	3	1	1/4		1/4	1		8	56	G#3	3	857
71	67	200	205	0.75		1/2	1/2	3/4	2	1	3/16		1/8	3/2		5	59	B3	3	854
71	67	200	205	0.75		1/2	1/2	3/4	1	1	3/16		1/8	3/2		5	71	B4	4	848
71	67	803/4	823/4	0.25		11/16	11/16	3/4	2	1	1/16		1/16	1		7	61	C#4	4	855
71	67	803/4	823/4	0.25		11/16	11/16	3/4	1	1	1/16		1/16	1		7	73	C#5	5	849
72	68	201	206	1.0		0	0	3/4	4	1	1/4		1/4	1		3	45	A2	2	864
72	68	201	206	1.0		0	0	3/4	2	1	1/4		1/4	1		3	57	A3	3	862
72	68	201	206	1.0		0	0	3/4	3	1	1/4		1/4	1		3	57	A3	3	863
72	68	201	206	1.0		0	0	3/4	1	1	1/4		1/4	1		3	69	A4	4	861
73	69	204	209	0.0		0	0	3/4	1	1	0	acciaccatura	1/8	1		7	73	C#5	5	865
73	69	204	209	3.0		0	0	3/4	4	1	3/4		1/2	3/2		4	52	E3	3	873
73	69	204	209	3.0		0	0	3/4	3	1	3/4		1/2	3/2		8	56	G#3	3	872
73	69	204	209	3.0		0	0	3/4	2	1	3/4		1/2	3/2		2	62	D4	4	871
73	69	204	209	1.0		0	0	3/4	1	1	1/4		1/4	1		5	71	B4	4	866
73	69	205	210	0.75		1/4	1/4	3/4	1	1	3/16		1/8	3/2		5	71	B4	4	867
73	69	823/4	843/4	0.25		7/16	7/16	3/4	1	1	1/16		1/16	1		3	69	A4	4	868
73	69	206	211	0.75		1/2	1/2	3/4	1	1	3/16		1/8	3/2		5	71	B4	4	869
73	69	827/4	847/4	0.25		11/16	11/16	3/4	1	1	1/16		1/16	1		2	74	D5	5	870
74	70	207	212	1.0		0	0	3/4	4	1	1/4		1/4	1		6	54	F#3	3	877
74	70	207	212	1.0		0	0	3/4	3	1	1/4		1/4	1		3	57	A3	3	876
74	70	207	212	1.0		0	0	3/4	2	1	1/4		1/4	1		7	61	C#4	4	875
74	70	207	212	1.0		0	0	3/4	1	1	1/4		1/4	1		7	73	C#5	5	874
75	71	210	215	2.0		0	0	3/4	4	1	1/2		1/2	1		2	50	D3	3	886
75	71	210	215	2.0		0	0	3/4	3	1	1/2		1/2	1		6	54	F#3	3	884
75	71	210	215	2.0		0	0	3/4	2	1	1/2		1/2	1		5	59	B3	3	882
75	71	210	215	1.5		0	0	3/4	1	1	3/8		1/4	3/2		6	78	F#5	5	878
75	71	423/2	433/2	0.5		3/8	3/8	3/4	1	1	1/8		1/8	1		2	74	D5	5	879
75	71	212	217	1.0		1/2	1/2	3/4	3	1	1/4		1/4	1		4	52	E3	3	885
75	71	212	217	1.0		1/2	1/2	3/4	4	1	1/4		1/4	1		4	52	E3	3	887
75	71	212	217	1.0		1/2	1/2	3/4	2	1	1/4		1/4	1		2	62	D4	4	883
75	71	212	217	0.5		1/2	1/2	3/4	1	1	1/8		1/8	1		5	71	B4	4	880
75	71	425/2	435/2	0.5		5/8	5/8	3/4	1	1	1/8		1/8	1		8	68	G#4	4	881
76	72	213	218	1.0		0	0	3/4	4	1	1/4		1/4	1		3	45	A2	2	894
76	72	213	218	1.0		0	0	3/4	3	1	1/4		1/4	1		4	52	E3	3	892
76	72	213	218	1.0		0	0	3/4	2	1	1/4		1/4	1		7	61	C#4	4	890
76	72	213	218	1.0		0	0	3/4	1	1	1/4		1/4	1		3	69	A4	4	888
76	72	215	220	1.0		1/2	1/2	3/4	3	1	1/4		1/4	1		6	66	F#4	4	893
76	72	215	220	1.0		1/2	1/2	3/4	2	1	1/4		1/4	1		3	69	A4	4	891
76	72	215	220	1.0		1/2	1/2	3/4	1	1	1/4		1/4	1		3	81	A5	5	889
77	73	216	221	1.0		0	0	3/4	3	1	1/4		1/4	1		4	64	E4	4	901
77	73	216	221	1.0		0	0	3/4	2	1	1/4		1/4	1		8	68	G#4	4	898
77	73	216	221	1.0		0	0	3/4	1	1	1/4		1/4	1		8	80	G#5	5	895
77	73	217	222	1.0		1/4	1/4	3/4	3	1	1/4		1/4	1		2	62	D4	4	902
77	73	217	222	1.0		1/4	1/4	3/4	2	1	1/4		1/4	1		6	66	F#4	4	899
77	73	217	222	1.0		1/4	1/4	3/4	1	1	1/4		1/4	1		6	78	F#5	5	896
77	73	218	223	1.0		1/2	1/2	3/4	3	1	1/4		1/4	1		7	61	C#4	4	903
77	73	218	223	1.0		1/2	1/2	3/4	2	1	1/4		1/4	1		4	64	E4	4	900
77	73	218	223	1.0		1/2	1/2	3/4	1	1	1/4		1/4	1		4	76	E5	5	897
78	74	219	224	1.0		0	0	3/4	3	1	1/4		1/4	1		5	59	B3	3	910
78	74	219	224	1.0		0	0	3/4	2	1	1/4		1/4	1		2	62	D4	4	907
78	74	219	224	1.0		0	0	3/4	1	1	1/4		1/4	1		2	74	D5	5	904
78	74	220	225	1.0		1/4	1/4	3/4	3	1	1/4		1/4	1		3	57	A3	3	911
78	74	220	225	1.0		1/4	1/4	3/4	2	1	1/4		1/4	1		7	61	C#4	4	908
78	74	220	225	1.0		1/4	1/4	3/4	1	1	1/4		1/4	1		7	73	C#5	5	905
78	74	221	226	1.0		1/2	1/2	3/4	3	1	1/4		1/4	1		4	52	E3	3	912
78	74	221	226	1.0		1/2	1/2	3/4	2	1	1/4		1/4	1		5	59	B3	3	909
78	74	221	226	1.0		1/2	1/2	3/4	1	1	1/4		1/4	1		5	71	B4	4	906
79	75	222	227	3.0		0	0	3/4	3	1	3/4		1/2	3/2		7	49	C#3	3	915
79	75	222	227	3.0		0	0	3/4	2	1	3/4		1/2	3/2		3	57	A3	3	914
79	75	222	227	3.0		0	0	3/4	1	1	3/4		1/2	3/2		3	69	A4	4	913
80	76	225	230	3.0		0	0	3/4	3	1	3/4		1/2	3/2		4	52	E3	3	918
80	76	225	230	3.0		0	0	3/4	4	1	3/4		1/2	3/2		8	56	G#3	3	919
80	76	225	230	3.0		0	0	3/4	2	1	3/4		1/2	3/2		5	59	B3	3	917
80	76	225	230	3.0		0	0	3/4	1	1	3/4		1/2	3/2		5	71	B4	4	916
81	77	228	233	1.0		0	0	3/4	3	1	1/4		1/4	1		3	57	A3	3	924
81	77	228	233	1.0		0	0	3/4	4	1	1/4		1/4	1		3	57	A3	3	926
81	77	228	233	1.0		0	0	3/4	2	1	1/4		1/4	1		7	61	C#4	4	922
81	77	228	233	1.0		0	0	3/4	1	1	1/4		1/4	1		7	73	C#5	5	920
81	77	230	235	1.0		1/2	1/2	3/4	3	1	1/4		1/4	1		3	57	A3	3	925
81	77	230	235	1.0		1/2	1/2	3/4	4	1	1/4		1/4	1		3	57	A3	3	927
81	77	230	235	1.0		1/2	1/2	3/4	2	1	1/4		1/4	1		4	64	E4	4	923
81	77	230	235	1.0		1/2	1/2	3/4	1	1	1/4		1/4	1		7	73	C#5	5	921
82	78	231	236	1.0		0	0	3/4	3	1	1/4		1/4	1		3	57	A3	3	930
82	78	231	236	1.0		0	0	3/4	4	1	1/4		1/4	1		3	57	A3	3	931
82	78	231	236	1.0		0	0	3/4	2	1	1/4		1/4	1		4	64	E4	4	929
82	78	231	236	1.0		0	0	3/4	1	1	1/4		1/4	1		7	73	C#5	5	928
