mc	mn	mc_onset	mn_onset	timesig	staff	voice	duration	gracenote	nominal_duration	scalar	tied	tpc	midi	chord_id
1	1	0	0	2/2	1	1	1/4		1/4	1		2	74	0
1	1	1/4	1/4	2/2	1	1	3/16		1/8	3/2		2	74	1
1	1	7/16	7/16	2/2	1	1	1/16		1/16	1		2	74	2
1	1	1/2	1/2	2/2	4	1	1/4		1/4	1		1	55	10
1	1	1/2	1/2	2/2	3	1	1/4		1/4	1		2	62	7
1	1	1/2	1/2	2/2	2	1	1/4		1/4	1		-2	70	4
1	1	1/2	1/2	2/2	1	1	1/4		1/4	1		2	74	3
1	1	3/4	3/4	2/2	4	1	3/16		1/8	3/2		1	55	11
1	1	3/4	3/4	2/2	3	1	3/16		1/8	3/2		2	62	8
1	1	3/4	3/4	2/2	2	1	3/16		1/8	3/2		-2	70	5
1	1	15/16	15/16	2/2	4	1	1/16		1/16	1		1	55	12
1	1	15/16	15/16	2/2	3	1	1/16		1/16	1		2	62	9
1	1	15/16	15/16	2/2	2	1	1/16		1/16	1		-2	70	6
2	2	0	0	2/2	4	1	1/4		1/4	1		6	54	25
2	2	0	0	2/2	3	1	1/4		1/4	1		2	62	21
2	2	0	0	2/2	2	1	1/4		1/4	1		3	69	17
2	2	0	0	2/2	1	1	1/4		1/4	1		2	74	13
2	2	1/4	1/4	2/2	1	1	3/16		1/8	3/2		2	74	14
2	2	7/16	7/16	2/2	1	1	1/16		1/16	1		2	74	15
2	2	1/2	1/2	2/2	4	1	1/4		1/4	1		3	57	26
2	2	1/2	1/2	2/2	3	1	1/4		1/4	1		2	62	22
2	2	1/2	1/2	2/2	2	1	3/16		1/8	3/2		0	72	18
2	2	1/2	1/2	2/2	1	1	1/4		1/4	1		2	74	16
2	2	11/16	11/16	2/2	2	1	1/16		1/16	1		0	72	19
2	2	3/4	3/4	2/2	4	1	3/16		1/8	3/2		3	57	27
2	2	3/4	3/4	2/2	3	1	3/16		1/8	3/2		2	62	23
2	2	3/4	3/4	2/2	2	1	1/4		1/4	1		0	72	20
2	2	15/16	15/16	2/2	4	1	1/16		1/16	1		3	57	28
2	2	15/16	15/16	2/2	3	1	1/16		1/16	1		2	62	24
3	3	0	0	2/2	4	1	1/4		1/4	1		1	55	42
3	3	0	0	2/2	3	1	1/4		1/4	1		2	62	41
3	3	0	0	2/2	2	1	1/4		1/4	1		-2	70	35
3	3	0	0	2/2	1	1	1/4		1/4	1		-2	82	29
3	3	1/4	1/4	2/2	2	1	3/16		1/8	3/2		2	74	36
3	3	1/4	1/4	2/2	1	1	3/16		1/8	3/2		-2	82	30
3	3	7/16	7/16	2/2	2	1	1/16		1/16	1		2	74	37
3	3	7/16	7/16	2/2	1	1	1/16		1/16	1		-2	82	31
3	3	1/2	1/2	2/2	2	1	3/8		1/4	3/2		2	74	38
3	3	1/2	1/2	2/2	1	1	3/8		1/4	3/2		-2	82	32
3	3	7/8	7/8	2/2	2	1	1/16		1/16	1		0	72	39
3	3	7/8	7/8	2/2	1	1	1/16		1/16	1		3	81	33
3	3	15/16	15/16	2/2	2	1	1/16		1/16	1		-2	70	40
3	3	15/16	15/16	2/2	1	1	1/16		1/16	1		1	79	34
4	4	0	0	2/2	4	1	1/4		1/4	1		0	60	51
4	4	0	0	2/2	3	1	1/4		1/4	1		-3	63	45
4	4	0	0	2/2	2	1	1		1	1		3	69	44
4	4	0	0	2/2	1	1	1		1	1		6	78	43
4	4	1/4	1/4	2/2	4	1	3/16		1/8	3/2		0	60	52
4	4	1/4	1/4	2/2	3	1	3/16		1/8	3/2		-3	63	46
4	4	7/16	7/16	2/2	4	1	1/16		1/16	1		0	60	53
4	4	7/16	7/16	2/2	3	1	1/16		1/16	1		-3	63	47
4	4	1/2	1/2	2/2	4	1	3/8		1/4	3/2		0	60	54
4	4	1/2	1/2	2/2	3	1	3/8		1/4	3/2		-3	63	48
4	4	7/8	7/8	2/2	4	1	1/16		1/16	1		-2	58	55
4	4	7/8	7/8	2/2	3	1	1/16		1/16	1		2	62	49
4	4	15/16	15/16	2/2	4	1	1/16		1/16	1		3	57	56
4	4	15/16	15/16	2/2	3	1	1/16		1/16	1		0	60	50
5	5	0	0	2/2	4	1	1/2		1/2	1		1	55	67
5	5	0	0	2/2	3	1	1/2		1/2	1		2	62	65
5	5	0	0	2/2	2	1	1/2		1/2	1		-2	70	63
5	5	0	0	2/2	1	1	1/8		1/8	1		1	79	57
5	5	1/8	1/8	2/2	1	1	1/8		1/8	1		2	86	58
5	5	1/4	1/4	2/2	1	1	3/8		1/4	3/2		2	86	59
5	5	1/2	1/2	2/2	3	1	1/2		1/2	1		1	55	66
5	5	1/2	1/2	2/2	4	1	1/2		1/2	1		-2	58	68
5	5	1/2	1/2	2/2	2	1	1/2		1/2	1		1	67	64
5	5	5/8	5/8	2/2	1	1	1/8		1/8	1		-2	82	60
5	5	3/4	3/4	2/2	1	1	1/8		1/8	1		1	79	61
5	5	7/8	7/8	2/2	1	1	1/8		1/8	1		2	74	62
6	6	0	0	2/2	1	1	0	appoggiatura	1/8	1		-1	77	69
6	6	0	0	2/2	3	1	1/4		1/4	1		1	55	76
6	6	0	0	2/2	4	1	1/4		1/4	1		0	60	78
6	6	0	0	2/2	2	1	1/4		1/4	1		1	67	74
6	6	0	0	2/2	1	1	1/4		1/4	1		-3	75	70
6	6	1/4	1/4	2/2	3	1	1/4		1/4	1		1	55	77
6	6	1/4	1/4	2/2	4	1	1/4		1/4	1		-2	58	79
6	6	1/4	1/4	2/2	2	1	1/4		1/4	1		1	67	75
6	6	1/4	1/4	2/2	1	1	1/4		1/4	1		2	74	71
6	6	1/2	1/2	2/2	4	1	1/4		1/4	1		1	43	80
6	6	3/4	3/4	2/2	1	1	1/8		1/8	1		1	79	72
6	6	7/8	7/8	2/2	1	1	1/8		1/8	1		2	74	73
7	7	0	0	2/2	4	1	1/4		1/4	1		3	57	94
7	7	0	0	2/2	2	1	1/4		1/4	1		-3	63	85
7	7	0	0	2/2	1	1	1/8		1/8	1		2	74	81
7	7	1/8	1/8	2/2	1	1	1/8		1/8	1		0	72	82
7	7	1/4	1/4	2/2	4	1	3/16		1/8	3/2		3	57	95
7	7	1/4	1/4	2/2	2	1	3/16		1/8	3/2		-3	63	86
7	7	1/4	1/4	2/2	1	1	1/2		1/2	1		0	72	83
7	7	7/16	7/16	2/2	4	1	1/16		1/16	1		3	57	96
7	7	7/16	7/16	2/2	2	1	1/16		1/16	1		-3	63	87
7	7	1/2	1/2	2/2	4	1	1/4		1/4	1		1	55	97
7	7	1/2	1/2	2/2	3	1	1/4		1/4	1		3	57	91
7	7	1/2	1/2	2/2	2	1	1/4		1/4	1		-3	63	88
7	7	3/4	3/4	2/2	4	1	3/16		1/8	3/2		1	55	98
7	7	3/4	3/4	2/2	3	1	3/16		1/8	3/2		3	57	92
7	7	3/4	3/4	2/2	2	1	3/16		1/8	3/2		-3	63	89
7	7	3/4	3/4	2/2	1	1	1/4		1/4	1		0	72	84
7	7	15/16	15/16	2/2	4	1	1/16		1/16	1		1	55	99
7	7	15/16	15/16	2/2	3	1	1/16		1/16	1		3	57	93
7	7	15/16	15/16	2/2	2	1	1/16		1/16	1		-3	63	90
8	8	0	0	2/2	4	1	1		1	1		6	54	115
8	8	0	0	2/2	3	1	1/8		1/8	1		3	57	111
8	8	0	0	2/2	2	1	3/4		1/2	3/2		2	62	109
8	8	0	0	2/2	1	1	1/8		1/8	1		0	72	100
8	8	1/8	1/8	2/2	3	1	1/8		1/8	1		0	60	112
8	8	1/8	1/8	2/2	1	1	1/8		1/8	1		3	81	101
8	8	1/4	1/4	2/2	3	1	1/2		1/2	1		0	60	113
8	8	1/4	1/4	2/2	1	1	1/4		1/4	1	1	3	81	102
8	8	1/2	1/2	2/2	1	1	1/12		1/8	2/3	-1	3	81	103
8	8	7/12	7/12	2/2	1	1	1/12		1/8	2/3		1	79	104
8	8	2/3	2/3	2/2	1	1	1/12		1/8	2/3		6	78	105
8	8	3/4	3/4	2/2	3	1	1/4		1/4	1		2	62	114
8	8	3/4	3/4	2/2	2	1	1/4		1/4	1		3	69	110
8	8	3/4	3/4	2/2	1	1	1/12		1/8	2/3		-3	75	106
8	8	5/6	5/6	2/2	1	1	1/12		1/8	2/3		2	74	107
8	8	11/12	11/12	2/2	1	1	1/12		1/8	2/3		0	72	108
9	9	0	0	2/2	4	1	1/2		1/2	1		1	55	127
9	9	0	0	2/2	3	1	1/2		1/2	1		2	62	124
9	9	0	0	2/2	2	1	1/8		1/8	1		1	67	120
9	9	0	0	2/2	1	1	1/8		1/8	1		-2	70	116
9	9	1/8	1/8	2/2	2	1	1/8		1/8	1		-2	70	121
9	9	1/8	1/8	2/2	1	1	1/8		1/8	1		1	79	117
9	9	1/4	1/4	2/2	2	1	1/2		1/2	1		-2	70	122
9	9	1/4	1/4	2/2	1	1	1/2		1/2	1		1	79	118
9	9	1/2	1/2	2/2	4	1	1/2		1/2	1		-3	51	128
9	9	1/2	1/2	2/2	3	1	1/4		1/4	1		7	61	125
9	9	3/4	3/4	2/2	2	1	1/4		1/4	1		1	67	123
9	9	3/4	3/4	2/2	3	1	1/4		1/4	1		1	67	126
9	9	3/4	3/4	2/2	1	1	1/4		1/4	1		7	73	119
10	10	0	0	2/2	4	1	1/4		1/4	1		2	50	138
10	10	0	0	2/2	2	1	1/4		1/4	1		6	66	132
10	10	0	0	2/2	3	1	1/4		1/4	1		3	69	135
10	10	0	0	2/2	1	1	1/4		1/4	1		2	74	129
10	10	1/4	1/4	2/2	4	1	1/4		1/4	1		2	50	139
10	10	1/4	1/4	2/2	1	1	1/4		1/4	1		2	62	130
10	10	1/4	1/4	2/2	2	1	1/4		1/4	1		2	62	133
10	10	1/4	1/4	2/2	3	1	1/4		1/4	1		2	62	136
10	10	1/2	1/2	2/2	4	1	1/4		1/4	1		2	50	140
10	10	1/2	1/2	2/2	1	1	1/4		1/4	1		2	62	131
10	10	1/2	1/2	2/2	2	1	1/4		1/4	1		2	62	134
10	10	1/2	1/2	2/2	3	1	1/4		1/4	1		2	62	137
11	11	0	0	2/2	4	1	1/4		1/4	1		2	62	157
11	11	1/4	1/4	2/2	4	1	3/16		1/8	3/2		2	62	158
11	11	7/16	7/16	2/2	4	1	1/16		1/16	1		2	62	159
11	11	1/2	1/2	2/2	4	1	1/4		1/4	1		2	62	160
11	11	1/2	1/2	2/2	2	1	1/4		1/4	1	1	2	74	149
11	11	1/2	1/2	2/2	1	1	1/4		1/4	1	1	-2	82	141
11	11	3/4	3/4	2/2	2	1	1/16		1/16	1	-1	2	74	150
11	11	3/4	3/4	2/2	1	1	1/16		1/16	1	-1	-2	82	142
11	11	13/16	13/16	2/2	2	1	1/32		1/32	1		0	72	151
11	11	13/16	13/16	2/2	1	1	1/32		1/32	1		3	81	143
11	11	27/32	27/32	2/2	2	1	1/32		1/32	1		2	74	152
11	11	27/32	27/32	2/2	1	1	1/32		1/32	1		-2	82	144
11	11	7/8	7/8	2/2	2	1	1/32		1/32	1		-3	75	153
11	11	7/8	7/8	2/2	1	1	1/32		1/32	1		0	84	145
11	11	29/32	29/32	2/2	2	1	1/32		1/32	1		2	74	154
11	11	29/32	29/32	2/2	1	1	1/32		1/32	1		-2	82	146
11	11	15/16	15/16	2/2	2	1	1/32		1/32	1		0	72	155
11	11	15/16	15/16	2/2	1	1	1/32		1/32	1		3	81	147
11	11	31/32	31/32	2/2	2	1	1/32		1/32	1		-2	70	156
11	11	31/32	31/32	2/2	1	1	1/32		1/32	1		1	79	148
12	12	0	0	2/2	4	1	1/4		1/4	1		2	62	179
12	12	0	0	2/2	2	1	1/4		1/4	1		3	69	170
12	12	0	0	2/2	1	1	1/4		1/4	1		6	78	161
12	12	1/4	1/4	2/2	4	1	3/16		1/8	3/2		2	62	180
12	12	7/16	7/16	2/2	4	1	1/16		1/16	1		2	62	181
12	12	1/2	1/2	2/2	4	1	1/4		1/4	1		2	62	182
12	12	1/2	1/2	2/2	2	1	1/4		1/4	1	1	3	81	171
12	12	1/2	1/2	2/2	1	1	1/4		1/4	1	1	0	84	162
12	12	3/4	3/4	2/2	2	1	1/16		1/16	1	-1	3	81	172
12	12	3/4	3/4	2/2	1	1	1/16		1/16	1	-1	0	84	163
12	12	13/16	13/16	2/2	2	1	1/32		1/32	1		1	79	173
12	12	13/16	13/16	2/2	1	1	1/32		1/32	1		5	83	164
12	12	27/32	27/32	2/2	2	1	1/32		1/32	1		3	81	174
12	12	27/32	27/32	2/2	1	1	1/32		1/32	1		0	84	165
12	12	7/8	7/8	2/2	2	1	1/32		1/32	1		-2	82	175
12	12	7/8	7/8	2/2	1	1	1/32		1/32	1		2	86	166
12	12	29/32	29/32	2/2	2	1	1/32		1/32	1		3	81	176
12	12	29/32	29/32	2/2	1	1	1/32		1/32	1		0	84	167
12	12	15/16	15/16	2/2	2	1	1/32		1/32	1		1	79	177
12	12	15/16	15/16	2/2	1	1	1/32		1/32	1		-2	82	168
12	12	31/32	31/32	2/2	2	1	1/32		1/32	1		6	78	178
12	12	31/32	31/32	2/2	1	1	1/32		1/32	1		3	81	169
13	13	0	0	2/2	4	1	1/4		1/4	1		-3	63	194
13	13	0	0	2/2	1	1	1/4		1/4	1		1	79	183
13	13	0	0	2/2	2	1	1/4		1/4	1		1	79	187
13	13	1/4	1/4	2/2	4	1	3/16		1/8	3/2		-3	63	195
13	13	7/16	7/16	2/2	4	1	1/16		1/16	1		-3	63	196
13	13	1/2	1/2	2/2	2	1	1/4		1/4	1		-3	63	188
13	13	1/2	1/2	2/2	3	1	1/4		1/4	1		-3	63	191
13	13	1/2	1/2	2/2	4	1	1/4		1/4	1		-3	63	197
13	13	1/2	1/2	2/2	1	1	1/4		1/4	1		-2	70	184
13	13	1/2	1/2	2/2	1	1	1/4		1/4	1		1	79	184
13	13	3/4	3/4	2/2	2	1	3/16		1/8	3/2		-3	63	189
13	13	3/4	3/4	2/2	3	1	3/16		1/8	3/2		-3	63	192
13	13	3/4	3/4	2/2	1	1	3/16		1/8	3/2		-2	70	185
13	13	3/4	3/4	2/2	1	1	3/16		1/8	3/2		1	79	185
13	13	15/16	15/16	2/2	2	1	1/16		1/16	1		-3	63	190
13	13	15/16	15/16	2/2	3	1	1/16		1/16	1		-3	63	193
13	13	15/16	15/16	2/2	1	1	1/16		1/16	1		-2	70	186
13	13	15/16	15/16	2/2	1	1	1/16		1/16	1		1	79	186
14	14	0	0	2/2	3	1	1/4		1/4	1		2	62	206
14	14	0	0	2/2	4	1	1/4		1/4	1		2	62	210
14	14	0	0	2/2	2	1	1/4		1/4	1		-1	65	202
14	14	0	0	2/2	1	1	1/4		1/4	1		-2	70	198
14	14	0	0	2/2	1	1	1/4		1/4	1		-4	80	198
14	14	1/4	1/4	2/2	4	1	3/16		1/8	3/2		2	62	211
14	14	7/16	7/16	2/2	4	1	1/16		1/16	1		2	62	212
14	14	1/2	1/2	2/2	3	1	1/4		1/4	1		2	62	207
14	14	1/2	1/2	2/2	4	1	1/4		1/4	1		2	62	213
14	14	1/2	1/2	2/2	2	1	1/4		1/4	1		-1	65	203
14	14	1/2	1/2	2/2	1	1	1/4		1/4	1		-2	70	199
14	14	1/2	1/2	2/2	1	1	1/4		1/4	1		-4	80	199
14	14	3/4	3/4	2/2	3	1	3/16		1/8	3/2		2	62	208
14	14	3/4	3/4	2/2	2	1	3/16		1/8	3/2		-1	65	204
14	14	3/4	3/4	2/2	1	1	3/16		1/8	3/2		-2	70	200
14	14	3/4	3/4	2/2	1	1	3/16		1/8	3/2		-4	80	200
14	14	15/16	15/16	2/2	3	1	1/16		1/16	1		2	62	209
14	14	15/16	15/16	2/2	2	1	1/16		1/16	1		-1	65	205
14	14	15/16	15/16	2/2	1	1	1/16		1/16	1		-2	70	201
14	14	15/16	15/16	2/2	1	1	1/16		1/16	1		-4	80	201
15	15	0	0	2/2	2	1	1/4		1/4	1		-3	63	220
15	15	0	0	2/2	3	1	1/4		1/4	1		-3	63	226
15	15	0	0	2/2	4	1	1/4		1/4	1		-3	63	232
15	15	0	0	2/2	1	1	1/4		1/4	1		-2	70	214
15	15	0	0	2/2	1	1	1/4		1/4	1		1	79	214
15	15	1/4	1/4	2/2	2	1	3/16		1/8	3/2		-3	63	221
15	15	1/4	1/4	2/2	3	1	3/16		1/8	3/2		-3	63	227
15	15	1/4	1/4	2/2	4	1	3/16		1/8	3/2		-3	63	233
15	15	1/4	1/4	2/2	1	1	3/16		1/8	3/2		-2	70	215
15	15	1/4	1/4	2/2	1	1	3/16		1/8	3/2		1	79	215
15	15	7/16	7/16	2/2	2	1	1/16		1/16	1		-3	63	222
15	15	7/16	7/16	2/2	3	1	1/16		1/16	1		-3	63	228
15	15	7/16	7/16	2/2	4	1	1/16		1/16	1		-3	63	234
15	15	7/16	7/16	2/2	1	1	1/16		1/16	1		-2	70	216
15	15	7/16	7/16	2/2	1	1	1/16		1/16	1		1	79	216
15	15	1/2	1/2	2/2	3	1	1/4		1/4	1		0	60	229
15	15	1/2	1/2	2/2	4	1	1/4		1/4	1		4	64	235
15	15	1/2	1/2	2/2	2	1	1/4		1/4	1		1	67	223
15	15	1/2	1/2	2/2	1	1	1/4		1/4	1		0	72	217
15	15	1/2	1/2	2/2	1	1	1/4		1/4	1		-2	82	217
15	15	3/4	3/4	2/2	3	1	3/16		1/8	3/2		0	60	230
15	15	3/4	3/4	2/2	4	1	3/16		1/8	3/2		4	64	236
15	15	3/4	3/4	2/2	2	1	3/16		1/8	3/2		1	67	224
15	15	3/4	3/4	2/2	1	1	3/16		1/8	3/2		0	72	218
15	15	3/4	3/4	2/2	1	1	3/16		1/8	3/2		-2	82	218
15	15	15/16	15/16	2/2	3	1	1/16		1/16	1		0	60	231
15	15	15/16	15/16	2/2	4	1	1/16		1/16	1		4	64	237
15	15	15/16	15/16	2/2	2	1	1/16		1/16	1		1	67	225
15	15	15/16	15/16	2/2	1	1	1/16		1/16	1		0	72	219
15	15	15/16	15/16	2/2	1	1	1/16		1/16	1		-2	82	219
16	16	0	0	2/2	2	1	1/4		1/4	1		-1	65	239
16	16	0	0	2/2	3	1	1/4		1/4	1		-1	65	240
16	16	0	0	2/2	4	1	1/4		1/4	1		-1	65	246
16	16	0	0	2/2	1	1	1/4		1/4	1		0	72	238
16	16	0	0	2/2	1	1	1/4		1/4	1		3	81	238
16	16	1/4	1/4	2/2	3	1	3/16		1/8	3/2		-1	65	241
16	16	7/16	7/16	2/2	3	1	1/16		1/16	1		-1	65	242
16	16	1/2	1/2	2/2	3	1	1/4		1/4	1		-3	63	243
16	16	3/4	3/4	2/2	3	1	3/16		1/8	3/2		-3	63	244
16	16	15/16	15/16	2/2	3	1	1/16		1/16	1		-3	63	245
17	17	0	0	2/2	4	1	1		1	1	1	-1	53	267
17	17	0	0	2/2	3	1	1/4		1/4	1		2	62	261
17	17	0	0	2/2	2	1	1/4		1/4	1		-1	65	255
17	17	0	0	2/2	1	1	3/8		1/4	3/2		-1	77	247
17	17	1/4	1/4	2/2	3	1	3/16		1/8	3/2		2	62	262
17	17	1/4	1/4	2/2	2	1	3/16		1/8	3/2		-1	65	256
17	17	3/8	3/8	2/2	1	1	1/8		1/8	1		-2	82	248
17	17	7/16	7/16	2/2	3	1	1/16		1/16	1		2	62	263
17	17	7/16	7/16	2/2	2	1	1/16		1/16	1		-1	65	257
17	17	1/2	1/2	2/2	3	1	1/4		1/4	1		0	60	264
17	17	1/2	1/2	2/2	2	1	1/4		1/4	1		-3	63	258
17	17	1/2	1/2	2/2	1	1	1/8		1/8	1		-2	82	249
17	17	5/8	5/8	2/2	1	1	1/8		1/8	1		3	81	250
17	17	3/4	3/4	2/2	3	1	3/16		1/8	3/2		0	60	265
17	17	3/4	3/4	2/2	2	1	3/16		1/8	3/2		-3	63	259
17	17	3/4	3/4	2/2	1	1	1/16		1/16	1		-3	87	251
17	17	13/16	13/16	2/2	1	1	1/16		1/16	1		0	84	252
17	17	7/8	7/8	2/2	1	1	1/16		1/16	1		3	81	253
17	17	15/16	15/16	2/2	3	1	1/16		1/16	1		0	60	266
17	17	15/16	15/16	2/2	2	1	1/16		1/16	1		-3	63	260
17	17	15/16	15/16	2/2	1	1	1/16		1/16	1		-1	77	254
18	18	0	0	2/2	4	1	1		1	1	0	-1	53	287
18	18	0	0	2/2	3	1	1/4		1/4	1		-2	58	280
18	18	0	0	2/2	2	1	1/4		1/4	1		2	62	273
18	18	0	0	2/2	1	1	1/8		1/8	1		-3	75	268
18	18	1/8	1/8	2/2	1	1	1/8		1/8	1		2	74	269
18	18	1/4	1/4	2/2	3	1	3/16		1/8	3/2		-2	58	281
18	18	1/4	1/4	2/2	2	1	3/16		1/8	3/2		2	62	274
18	18	1/4	1/4	2/2	1	1	1/8		1/8	1		-1	77	270
18	18	3/8	3/8	2/2	1	1	1/8		1/8	1		2	74	271
18	18	7/16	7/16	2/2	3	1	1/16		1/16	1		-2	58	282
18	18	7/16	7/16	2/2	2	1	1/16		1/16	1		2	62	275
18	18	1/2	1/2	2/2	3	1	1/8		1/8	1		3	57	283
18	18	1/2	1/2	2/2	2	1	1/8		1/8	1		0	60	276
18	18	1/2	1/2	2/2	1	1	1/4		1/4	1		0	72	272
18	18	5/8	5/8	2/2	3	1	1/8		1/8	1		3	57	284
18	18	5/8	5/8	2/2	2	1	1/8		1/8	1		0	60	277
18	18	3/4	3/4	2/2	3	1	1/8		1/8	1		-2	58	285
18	18	3/4	3/4	2/2	2	1	1/8		1/8	1		2	62	278
18	18	7/8	7/8	2/2	3	1	1/8		1/8	1		0	60	286
18	18	7/8	7/8	2/2	2	1	1/8		1/8	1		-3	63	279
19	19	0	0	2/2	4	1	1		1	1	0	-1	53	316
19	19	0	0	2/2	3	1	1/4		1/4	1		2	62	310
19	19	0	0	2/2	2	1	1/4		1/4	1		-1	65	304
19	19	1/4	1/4	2/2	3	1	3/16		1/8	3/2		2	62	311
19	19	1/4	1/4	2/2	2	1	3/16		1/8	3/2		-1	65	305
19	19	1/4	1/4	2/2	1	1	1/16		1/16	1		-1	77	288
19	19	5/16	5/16	2/2	1	1	1/16		1/16	1		2	86	289
19	19	3/8	3/8	2/2	1	1	1/16		1/16	1		0	84	290
19	19	7/16	7/16	2/2	3	1	1/16		1/16	1		2	62	312
19	19	7/16	7/16	2/2	2	1	1/16		1/16	1		-1	65	306
19	19	7/16	7/16	2/2	1	1	1/16		1/16	1		-2	82	291
19	19	1/2	1/2	2/2	3	1	1/4		1/4	1		0	60	313
19	19	1/2	1/2	2/2	2	1	1/4		1/4	1		-3	63	307
19	19	1/2	1/2	2/2	1	1	1/16		1/16	1		-2	82	292
19	19	9/16	9/16	2/2	1	1	1/16		1/16	1		3	81	293
19	19	5/8	5/8	2/2	1	1	1/16		1/16	1		-3	87	294
19	19	11/16	11/16	2/2	1	1	1/16		1/16	1		0	84	295
19	19	3/4	3/4	2/2	3	1	3/16		1/8	3/2		0	60	314
19	19	3/4	3/4	2/2	2	1	3/16		1/8	3/2		-3	63	308
19	19	3/4	3/4	2/2	1	1	1/32		1/32	1		-2	82	296
19	19	25/32	25/32	2/2	1	1	1/32		1/32	1		3	81	297
19	19	13/16	13/16	2/2	1	1	1/32		1/32	1		2	86	298
19	19	27/32	27/32	2/2	1	1	1/32		1/32	1		0	84	299
19	19	7/8	7/8	2/2	1	1	1/32		1/32	1		-2	82	300
19	19	29/32	29/32	2/2	1	1	1/32		1/32	1		3	81	301
19	19	15/16	15/16	2/2	3	1	1/16		1/16	1		0	60	315
19	19	15/16	15/16	2/2	2	1	1/16		1/16	1		-3	63	309
19	19	15/16	15/16	2/2	1	1	1/32		1/32	1		1	79	302
19	19	31/32	31/32	2/2	1	1	1/32		1/32	1		-1	77	303
20	20	0	0	2/2	4	1	1/2		1/2	1	-1	-1	53	336
20	20	0	0	2/2	3	1	1/4		1/4	1		-2	58	329
20	20	0	0	2/2	2	1	1/4		1/4	1		2	62	322
20	20	0	0	2/2	1	1	1/8		1/8	1		-3	75	317
20	20	1/8	1/8	2/2	1	1	1/8		1/8	1		2	74	318
20	20	1/4	1/4	2/2	3	1	3/16		1/8	3/2		-2	58	330
20	20	1/4	1/4	2/2	2	1	3/16		1/8	3/2		2	62	323
20	20	1/4	1/4	2/2	1	1	1/8		1/8	1		-1	77	319
20	20	3/8	3/8	2/2	1	1	1/8		1/8	1		2	74	320
20	20	7/16	7/16	2/2	3	1	1/16		1/16	1		-2	58	331
20	20	7/16	7/16	2/2	2	1	1/16		1/16	1		2	62	324
20	20	1/2	1/2	2/2	4	1	1/8		1/8	1		-1	53	337
20	20	1/2	1/2	2/2	3	1	1/8		1/8	1		3	57	332
20	20	1/2	1/2	2/2	2	1	1/8		1/8	1		0	60	325
20	20	1/2	1/2	2/2	1	1	1/4		1/4	1		0	72	321
20	20	5/8	5/8	2/2	4	1	1/8		1/8	1		-3	51	338
20	20	5/8	5/8	2/2	3	1	1/8		1/8	1		3	57	333
20	20	5/8	5/8	2/2	2	1	1/8		1/8	1		0	60	326
20	20	3/4	3/4	2/2	4	1	1/8		1/8	1		2	50	339
20	20	3/4	3/4	2/2	3	1	1/8		1/8	1		-2	58	334
20	20	3/4	3/4	2/2	2	1	1/8		1/8	1		2	62	327
20	20	7/8	7/8	2/2	4	1	1/8		1/8	1		0	48	340
20	20	7/8	7/8	2/2	3	1	1/8		1/8	1		0	60	335
20	20	7/8	7/8	2/2	2	1	1/8		1/8	1		-3	63	328
21	21	0	0	2/2	4	1	1/4		1/4	1		-2	46	353
21	21	0	0	2/2	3	1	1/4		1/4	1		2	62	349
21	21	0	0	2/2	2	1	1/4		1/4	1		-1	65	345
21	21	0	0	2/2	1	1	1/4		1/4	1		-2	70	341
21	21	1/4	1/4	2/2	1	1	3/16		1/8	3/2		-2	70	342
21	21	7/16	7/16	2/2	1	1	1/16		1/16	1		-2	70	343
21	21	1/2	1/2	2/2	3	1	1/4		1/4	1		2	62	350
21	21	1/2	1/2	2/2	2	1	1/4		1/4	1		-1	65	346
21	21	1/2	1/2	2/2	1	1	1/2		1/2	1		5	71	344
21	21	11/16	11/16	2/2	4	1	1/16		1/16	1		-4	56	354
21	21	3/4	3/4	2/2	4	1	3/16		1/8	3/2		1	55	355
21	21	3/4	3/4	2/2	3	1	3/16		1/8	3/2		2	62	351
21	21	3/4	3/4	2/2	2	1	3/16		1/8	3/2		1	67	347
21	21	15/16	15/16	2/2	4	1	1/16		1/16	1		-1	53	356
21	21	15/16	15/16	2/2	3	1	1/16		1/16	1		2	62	352
21	21	15/16	15/16	2/2	2	1	1/16		1/16	1		-4	68	348
22	22	0	0	2/2	4	1	3/16		1/8	3/2		-3	51	380
22	22	0	0	2/2	3	1	3/16		1/8	3/2		-3	63	375
22	22	0	0	2/2	2	1	3/16		1/8	3/2		1	67	370
22	22	0	0	2/2	1	1	1/8		1/8	1		0	72	357
22	22	1/8	1/8	2/2	1	1	0	grace16	1/16	1		2	74	358
22	22	1/8	1/8	2/2	1	1	0	grace16	1/16	1		0	72	359
22	22	1/8	1/8	2/2	1	1	0	grace16	1/16	1		5	71	360
22	22	1/8	1/8	2/2	1	1	3/32		1/16	3/2		0	72	361
22	22	3/16	3/16	2/2	4	1	1/16		1/16	1		2	50	381
22	22	3/16	3/16	2/2	3	1	1/16		1/16	1		-1	65	376
22	22	3/16	3/16	2/2	2	1	1/16		1/16	1		5	71	371
22	22	7/32	7/32	2/2	1	1	1/32		1/32	1		2	74	362
22	22	1/4	1/4	2/2	4	1	3/16		1/8	3/2		0	48	382
22	22	1/4	1/4	2/2	3	1	3/16		1/8	3/2		-3	63	377
22	22	1/4	1/4	2/2	2	1	3/16		1/8	3/2		0	72	372
22	22	1/4	1/4	2/2	1	1	1/8		1/8	1		-3	75	363
22	22	3/8	3/8	2/2	1	1	0	grace16	1/16	1		-1	77	364
22	22	3/8	3/8	2/2	1	1	0	grace16	1/16	1		-3	75	365
22	22	3/8	3/8	2/2	1	1	0	grace16	1/16	1		2	74	366
22	22	3/8	3/8	2/2	1	1	3/32		1/16	3/2		-3	75	367
22	22	7/16	7/16	2/2	4	1	1/16		1/16	1		-2	46	383
22	22	7/16	7/16	2/2	3	1	1/16		1/16	1		2	62	378
22	22	7/16	7/16	2/2	2	1	1/16		1/16	1		2	74	373
22	22	15/32	15/32	2/2	1	1	1/32		1/32	1		-1	77	368
22	22	1/2	1/2	2/2	4	1	1/2		1/2	1		3	45	384
22	22	1/2	1/2	2/2	3	1	1/2		1/2	1		0	60	379
22	22	1/2	1/2	2/2	2	1	1/2		1/2	1		-3	75	374
22	22	1/2	1/2	2/2	1	1	1/2		1/2	1		1	79	369
23	23	0	0	2/2	4	1	1/4		1/4	1		-2	46	404
23	23	0	0	2/2	3	1	1/4		1/4	1		-2	58	401
23	23	0	0	2/2	2	1	1/8		1/8	1		-3	75	393
23	23	0	0	2/2	1	1	1/8		1/8	1		1	79	385
23	23	1/8	1/8	2/2	2	1	1/8		1/8	1		2	74	394
23	23	1/8	1/8	2/2	1	1	1/8		1/8	1		-1	77	386
23	23	1/4	1/4	2/2	2	1	1/8		1/8	1		-2	70	395
23	23	1/4	1/4	2/2	1	1	1/8		1/8	1		2	74	387
23	23	3/8	3/8	2/2	2	1	1/8		1/8	1		2	74	396
23	23	3/8	3/8	2/2	1	1	1/8		1/8	1		-1	77	388
23	23	1/2	1/2	2/2	4	1	1/4		1/4	1		-1	53	405
23	23	1/2	1/2	2/2	3	1	1/4		1/4	1		-1	65	402
23	23	1/2	1/2	2/2	2	1	1/8		1/8	1		2	74	397
23	23	1/2	1/2	2/2	1	1	1/8		1/8	1		-1	77	389
23	23	5/8	5/8	2/2	2	1	1/8		1/8	1		0	72	398
23	23	5/8	5/8	2/2	1	1	1/8		1/8	1		-3	75	390
23	23	3/4	3/4	2/2	4	1	1/4		1/4	1		-1	41	406
23	23	3/4	3/4	2/2	3	1	1/4		1/4	1		-1	53	403
23	23	3/4	3/4	2/2	2	1	1/8		1/8	1		-2	70	399
23	23	3/4	3/4	2/2	1	1	1/8		1/8	1		2	74	391
23	23	7/8	7/8	2/2	2	1	1/8		1/8	1		3	69	400
23	23	7/8	7/8	2/2	1	1	1/8		1/8	1		0	72	392
24	24	0	0	2/2	4	1	1/2		1/2	1		-2	46	414
24	24	0	0	2/2	3	1	1/2		1/2	1		-2	58	412
24	24	0	0	2/2	2	1	1/2		1/2	1		3	69	410
24	24	0	0	2/2	1	1	3/8		1/4	3/2		0	72	407
24	24	3/8	3/8	2/2	1	1	1/8		1/8	1		7	73	408
24	24	1/2	1/2	2/2	4	1	1/4		1/4	1		-2	46	415
24	24	1/2	1/2	2/2	3	1	1/4		1/4	1		-2	58	413
24	24	1/2	1/2	2/2	2	1	1/4		1/4	1		-2	70	411
24	24	1/2	1/2	2/2	1	1	1/4		1/4	1		2	74	409
25	25	0	0	2/2	1	1	1/4		1/4	1		-2	70	416
25	25	1/4	1/4	2/2	1	1	3/16		1/8	3/2		-2	70	417
25	25	7/16	7/16	2/2	1	1	1/16		1/16	1		-2	70	418
25	25	1/2	1/2	2/2	3	1	1/4		1/4	1		2	62	423
25	25	1/2	1/2	2/2	2	1	1/4		1/4	1		-1	65	420
25	25	1/2	1/2	2/2	1	1	1/2		1/2	1		5	71	419
25	25	11/16	11/16	2/2	4	1	1/16		1/16	1		-4	56	426
25	25	3/4	3/4	2/2	4	1	3/16		1/8	3/2		1	55	427
25	25	3/4	3/4	2/2	3	1	3/16		1/8	3/2		2	62	424
25	25	3/4	3/4	2/2	2	1	3/16		1/8	3/2		1	67	421
25	25	15/16	15/16	2/2	4	1	1/16		1/16	1		-1	53	428
25	25	15/16	15/16	2/2	3	1	1/16		1/16	1		2	62	425
25	25	15/16	15/16	2/2	2	1	1/16		1/16	1		-4	68	422
26	26	0	0	2/2	4	1	3/16		1/8	3/2		-3	51	452
26	26	0	0	2/2	3	1	3/16		1/8	3/2		-3	63	447
26	26	0	0	2/2	2	1	3/16		1/8	3/2		1	67	442
26	26	0	0	2/2	1	1	1/8		1/8	1		0	72	429
26	26	1/8	1/8	2/2	1	1	0	grace16	1/16	1		2	74	430
26	26	1/8	1/8	2/2	1	1	0	grace16	1/16	1		0	72	431
26	26	1/8	1/8	2/2	1	1	0	grace16	1/16	1		5	71	432
26	26	1/8	1/8	2/2	1	1	3/32		1/16	3/2		0	72	433
26	26	3/16	3/16	2/2	4	1	1/16		1/16	1		2	50	453
26	26	3/16	3/16	2/2	3	1	1/16		1/16	1		-1	65	448
26	26	3/16	3/16	2/2	2	1	1/16		1/16	1		5	71	443
26	26	7/32	7/32	2/2	1	1	1/32		1/32	1		2	74	434
26	26	1/4	1/4	2/2	4	1	3/16		1/8	3/2		0	48	454
26	26	1/4	1/4	2/2	3	1	3/16		1/8	3/2		-3	63	449
26	26	1/4	1/4	2/2	2	1	3/16		1/8	3/2		0	72	444
26	26	1/4	1/4	2/2	1	1	1/8		1/8	1		-3	75	435
26	26	3/8	3/8	2/2	1	1	0	grace16	1/16	1		-1	77	436
26	26	3/8	3/8	2/2	1	1	0	grace16	1/16	1		-3	75	437
26	26	3/8	3/8	2/2	1	1	0	grace16	1/16	1		2	74	438
26	26	3/8	3/8	2/2	1	1	3/32		1/16	3/2		-3	75	439
26	26	7/16	7/16	2/2	4	1	1/16		1/16	1		-2	46	455
26	26	7/16	7/16	2/2	3	1	1/16		1/16	1		2	62	450
26	26	7/16	7/16	2/2	2	1	1/16		1/16	1		2	74	445
26	26	15/32	15/32	2/2	1	1	1/32		1/32	1		-1	77	440
26	26	1/2	1/2	2/2	4	1	1/2		1/2	1		3	45	456
26	26	1/2	1/2	2/2	3	1	1/2		1/2	1		0	60	451
26	26	1/2	1/2	2/2	2	1	1/2		1/2	1		-3	75	446
26	26	1/2	1/2	2/2	1	1	1/2		1/2	1		1	79	441
27	27	0	0	2/2	4	1	1/4		1/4	1		-2	46	474
27	27	0	0	2/2	3	1	1/4		1/4	1		2	62	473
27	27	0	0	2/2	2	1	1/8		1/8	1		2	74	465
27	27	0	0	2/2	1	1	1/8		1/8	1		-1	77	457
27	27	1/8	1/8	2/2	2	1	1/8		1/8	1		1	79	466
27	27	1/8	1/8	2/2	1	1	1/8		1/8	1		-2	82	458
27	27	1/4	1/4	2/2	2	1	1/8		1/8	1		-1	77	467
27	27	1/4	1/4	2/2	1	1	1/8		1/8	1		3	81	459
27	27	3/8	3/8	2/2	2	1	1/8		1/8	1		-3	75	468
27	27	3/8	3/8	2/2	1	1	1/8		1/8	1		1	79	460
27	27	1/2	1/2	2/2	2	1	1/8		1/8	1		2	74	469
27	27	1/2	1/2	2/2	1	1	1/8		1/8	1		-1	77	461
27	27	5/8	5/8	2/2	2	1	1/8		1/8	1		1	79	470
27	27	5/8	5/8	2/2	1	1	1/8		1/8	1		-2	82	462
27	27	3/4	3/4	2/2	2	1	1/8		1/8	1		-1	77	471
27	27	3/4	3/4	2/2	1	1	1/8		1/8	1		3	81	463
27	27	7/8	7/8	2/2	2	1	1/8		1/8	1		-3	75	472
27	27	7/8	7/8	2/2	1	1	1/8		1/8	1		1	79	464
28	28	0	0	2/2	4	1	1/2		1/2	1		-2	58	493
28	28	0	0	2/2	3	1	1/8		1/8	1		2	62	485
28	28	0	0	2/2	2	1	1/8		1/8	1		2	74	477
28	28	0	0	2/2	1	1	1/2		1/2	1		-1	77	475
28	28	1/8	1/8	2/2	3	1	1/8		1/8	1		2	62	486
28	28	1/8	1/8	2/2	2	1	1/8		1/8	1		2	74	478
28	28	1/4	1/4	2/2	3	1	1/8		1/8	1		2	62	487
28	28	1/4	1/4	2/2	2	1	1/8		1/8	1		2	74	479
28	28	3/8	3/8	2/2	3	1	1/8		1/8	1		2	62	488
28	28	3/8	3/8	2/2	2	1	1/8		1/8	1		2	74	480
28	28	1/2	1/2	2/2	4	1	1/2		1/2	1		3	57	494
28	28	1/2	1/2	2/2	3	1	1/8		1/8	1		-3	63	489
28	28	1/2	1/2	2/2	2	1	1/8		1/8	1		0	72	481
28	28	1/2	1/2	2/2	1	1	1/2		1/2	1		6	78	476
28	28	5/8	5/8	2/2	3	1	1/8		1/8	1		-3	63	490
28	28	5/8	5/8	2/2	2	1	1/8		1/8	1		0	72	482
28	28	3/4	3/4	2/2	3	1	1/8		1/8	1		-3	63	491
28	28	3/4	3/4	2/2	2	1	1/8		1/8	1		0	72	483
28	28	7/8	7/8	2/2	3	1	1/8		1/8	1		-3	63	492
28	28	7/8	7/8	2/2	2	1	1/8		1/8	1		0	72	484
29	29	0	0	2/2	4	1	1/2		1/2	1		1	55	510
29	29	0	0	2/2	3	1	1/8		1/8	1		2	62	505
29	29	0	0	2/2	2	1	1/8		1/8	1		-2	70	497
29	29	0	0	2/2	1	1	1/2		1/2	1		1	79	495
29	29	1/8	1/8	2/2	3	1	1/8		1/8	1		2	62	506
29	29	1/8	1/8	2/2	2	1	1/8		1/8	1		-2	70	498
29	29	1/4	1/4	2/2	3	1	1/8		1/8	1		2	62	507
29	29	1/4	1/4	2/2	2	1	1/8		1/8	1		-2	70	499
29	29	3/8	3/8	2/2	3	1	1/8		1/8	1		2	62	508
29	29	3/8	3/8	2/2	2	1	1/8		1/8	1		-2	70	500
29	29	1/2	1/2	2/2	4	1	1/2		1/2	1		-1	53	511
29	29	1/2	1/2	2/2	3	1	1/2		1/2	1		2	62	509
29	29	1/2	1/2	2/2	2	1	1/8		1/8	1		5	71	501
29	29	1/2	1/2	2/2	1	1	1/2		1/2	1		-4	80	496
29	29	5/8	5/8	2/2	2	1	1/8		1/8	1		5	71	502
29	29	3/4	3/4	2/2	2	1	1/8		1/8	1		5	71	503
29	29	7/8	7/8	2/2	2	1	1/8		1/8	1		5	71	504
30	30	0	0	2/2	4	1	1/4		1/4	1		-3	51	532
30	30	0	0	2/2	3	1	1/4		1/4	1		-3	63	530
30	30	0	0	2/2	2	1	1/4		1/4	1		0	72	528
30	30	0	0	2/2	1	1	1/16		1/16	1		1	79	512
30	30	1/16	1/16	2/2	1	1	1/16		1/16	1		6	78	513
30	30	1/8	1/8	2/2	1	1	1/16		1/16	1		1	79	514
30	30	3/16	3/16	2/2	1	1	1/16		1/16	1		6	78	515
30	30	1/4	1/4	2/2	1	1	1/16		1/16	1		1	79	516
30	30	5/16	5/16	2/2	1	1	1/16		1/16	1		6	78	517
30	30	3/8	3/8	2/2	1	1	1/16		1/16	1		1	79	518
30	30	7/16	7/16	2/2	1	1	1/16		1/16	1		6	78	519
30	30	1/2	1/2	2/2	4	1	1/4		1/4	1		-3	51	533
30	30	1/2	1/2	2/2	3	1	1/4		1/4	1		1	67	531
30	30	1/2	1/2	2/2	2	1	1/4		1/4	1		0	72	529
30	30	1/2	1/2	2/2	1	1	1/16		1/16	1		1	79	520
30	30	9/16	9/16	2/2	1	1	1/16		1/16	1		-1	77	521
30	30	5/8	5/8	2/2	1	1	1/16		1/16	1		-3	75	522
30	30	11/16	11/16	2/2	1	1	1/16		1/16	1		2	74	523
30	30	3/4	3/4	2/2	1	1	1/16		1/16	1		0	72	524
30	30	13/16	13/16	2/2	1	1	1/16		1/16	1		-2	70	525
30	30	7/8	7/8	2/2	1	1	1/16		1/16	1		3	69	526
30	30	15/16	15/16	2/2	1	1	1/16		1/16	1		1	67	527
31	31	0	0	2/2	4	1	1/4		1/4	1		-1	53	552
31	31	0	0	2/2	3	1	1/4		1/4	1		2	62	551
31	31	0	0	2/2	1	1	1/16		1/16	1		-1	65	534
31	31	0	0	2/2	2	1	1/4		1/4	1		-2	70	550
31	31	1/16	1/16	2/2	1	1	1/16		1/16	1		-2	70	535
31	31	1/8	1/8	2/2	1	1	1/16		1/16	1		3	69	536
31	31	3/16	3/16	2/2	1	1	1/16		1/16	1		0	72	537
31	31	1/4	1/4	2/2	1	1	1/16		1/16	1		-2	70	538
31	31	5/16	5/16	2/2	1	1	1/16		1/16	1		2	74	539
31	31	3/8	3/8	2/2	1	1	1/16		1/16	1		0	72	540
31	31	7/16	7/16	2/2	1	1	1/16		1/16	1		-3	75	541
31	31	1/2	1/2	2/2	1	1	1/16		1/16	1		2	74	542
31	31	9/16	9/16	2/2	1	1	1/16		1/16	1		-1	77	543
31	31	5/8	5/8	2/2	1	1	1/16		1/16	1		-3	75	544
31	31	11/16	11/16	2/2	1	1	1/16		1/16	1		1	79	545
31	31	3/4	3/4	2/2	1	1	1/16		1/16	1		-1	77	546
31	31	13/16	13/16	2/2	1	1	1/16		1/16	1		2	74	547
31	31	7/8	7/8	2/2	1	1	1/16		1/16	1		-3	75	548
31	31	15/16	15/16	2/2	1	1	1/16		1/16	1		1	79	549
32	32	0	0	2/2	4	1	1/4		1/4	1		-1	53	571
32	32	0	0	2/2	3	1	1/4		1/4	1		2	62	570
32	32	0	0	2/2	2	1	1/4		1/4	1		-2	70	569
32	32	0	0	2/2	1	1	1/16		1/16	1		-1	77	553
32	32	1/16	1/16	2/2	1	1	1/16		1/16	1		2	74	554
32	32	1/8	1/8	2/2	1	1	1/16		1/16	1		-3	75	555
32	32	3/16	3/16	2/2	1	1	1/16		1/16	1		-1	77	556
32	32	1/4	1/4	2/2	1	1	1/16		1/16	1		1	79	557
32	32	5/16	5/16	2/2	1	1	1/16		1/16	1		3	81	558
32	32	3/8	3/8	2/2	1	1	1/16		1/16	1		-2	82	559
32	32	7/16	7/16	2/2	1	1	1/16		1/16	1		0	84	560
32	32	1/2	1/2	2/2	1	1	1/16		1/16	1		2	86	561
32	32	9/16	9/16	2/2	1	1	1/16		1/16	1		3	81	562
32	32	5/8	5/8	2/2	1	1	1/16		1/16	1		-2	82	563
32	32	11/16	11/16	2/2	1	1	1/16		1/16	1		6	78	564
32	32	3/4	3/4	2/2	1	1	1/16		1/16	1		1	79	565
32	32	13/16	13/16	2/2	1	1	1/16		1/16	1		2	74	566
32	32	7/8	7/8	2/2	1	1	1/16		1/16	1		-3	75	567
32	32	15/16	15/16	2/2	1	1	1/16		1/16	1		0	72	568
33	33	0	0	2/2	4	1	1/2		1/2	1		-1	53	588
33	33	0	0	2/2	3	1	1/2		1/2	1		2	62	586
33	33	0	0	2/2	2	1	1/8		1/8	1		-2	70	578
33	33	0	0	2/2	1	1	1/4		1/4	1	1	-1	77	572
33	33	1/8	1/8	2/2	2	1	1/8		1/8	1		-2	70	579
33	33	1/4	1/4	2/2	2	1	1/8		1/8	1		-2	70	580
33	33	1/4	1/4	2/2	1	1	1/16		1/16	1	-1	-1	77	573
33	33	5/16	5/16	2/2	1	1	1/16		1/16	1		4	76	574
33	33	3/8	3/8	2/2	2	1	1/8		1/8	1		-2	70	581
33	33	3/8	3/8	2/2	1	1	1/16		1/16	1		-3	75	575
33	33	7/16	7/16	2/2	1	1	1/16		1/16	1		2	74	576
33	33	1/2	1/2	2/2	4	1	1/2		1/2	1		-1	53	589
33	33	1/2	1/2	2/2	3	1	1/2		1/2	1		-3	63	587
33	33	1/2	1/2	2/2	2	1	1/8		1/8	1		3	69	582
33	33	1/2	1/2	2/2	1	1	1/2		1/2	1		0	72	577
33	33	5/8	5/8	2/2	2	1	1/8		1/8	1		3	69	583
33	33	3/4	3/4	2/2	2	1	1/8		1/8	1		3	69	584
33	33	7/8	7/8	2/2	2	1	1/8		1/8	1		3	69	585
34	34	0	0	2/2	4	1	1/8		1/8	1		-2	46	598
34	34	0	0	2/2	3	1	1/8		1/8	1		2	62	592
34	34	0	0	2/2	2	1	1/8		1/8	1		-2	70	591
34	34	0	0	2/2	1	1	1/4		1/4	1		-2	70	590
34	34	1/4	1/4	2/2	4	1	3/16		1/8	3/2		2	50	599
34	34	1/4	1/4	2/2	3	1	3/16		1/8	3/2		-2	58	593
34	34	7/16	7/16	2/2	4	1	1/16		1/16	1		2	50	600
34	34	7/16	7/16	2/2	3	1	1/16		1/16	1		-2	58	594
34	34	1/2	1/2	2/2	4	1	1/4		1/4	1		-1	53	601
34	34	1/2	1/2	2/2	3	1	1/4		1/4	1		0	60	595
34	34	3/4	3/4	2/2	4	1	3/16		1/8	3/2		-1	53	602
34	34	3/4	3/4	2/2	3	1	3/16		1/8	3/2		0	60	596
34	34	15/16	15/16	2/2	4	1	1/16		1/16	1		-1	53	603
34	34	15/16	15/16	2/2	3	1	1/16		1/16	1		0	60	597
35	35	0	0	2/2	4	1	1/4		1/4	1		-2	58	617
35	35	0	0	2/2	3	1	1/4		1/4	1		2	62	613
35	35	1/4	1/4	2/2	1	1	3/16		1/8	3/2		-2	82	604
35	35	7/16	7/16	2/2	1	1	1/16		1/16	1		1	79	605
35	35	1/2	1/2	2/2	1	1	1/8		1/8	1		-1	77	606
35	35	11/16	11/16	2/2	4	1	1/16		1/16	1		-1	53	618
35	35	11/16	11/16	2/2	3	1	1/16		1/16	1		0	60	614
35	35	11/16	11/16	2/2	2	1	1/16		1/16	1		3	69	610
35	35	11/16	11/16	2/2	1	1	1/16		1/16	1		-3	75	607
35	35	11/16	11/16	2/2	1	1	1/16		1/16	1		-1	77	607
35	35	3/4	3/4	2/2	4	1	3/16		1/8	3/2		-1	53	619
35	35	3/4	3/4	2/2	3	1	3/16		1/8	3/2		0	60	615
35	35	3/4	3/4	2/2	2	1	3/16		1/8	3/2		3	69	611
35	35	3/4	3/4	2/2	1	1	3/16		1/8	3/2		-3	75	608
35	35	3/4	3/4	2/2	1	1	3/16		1/8	3/2		-1	77	608
35	35	15/16	15/16	2/2	4	1	1/16		1/16	1		-1	53	620
35	35	15/16	15/16	2/2	3	1	1/16		1/16	1		0	60	616
35	35	15/16	15/16	2/2	2	1	1/16		1/16	1		3	69	612
35	35	15/16	15/16	2/2	1	1	1/16		1/16	1		-3	75	609
35	35	15/16	15/16	2/2	1	1	1/16		1/16	1		-1	77	609
36	36	0	0	2/2	4	1	1/8		1/8	1		-2	58	629
36	36	0	0	2/2	3	1	1/8		1/8	1		2	62	623
36	36	0	0	2/2	2	1	1/4		1/4	1		-2	70	622
36	36	0	0	2/2	1	1	1/4		1/4	1		2	74	621
36	36	0	0	2/2	1	1	1/4		1/4	1		-1	77	621
36	36	1/4	1/4	2/2	4	1	3/16		1/8	3/2		2	50	630
36	36	1/4	1/4	2/2	3	1	3/16		1/8	3/2		-2	58	624
36	36	7/16	7/16	2/2	4	1	1/16		1/16	1		2	50	631
36	36	7/16	7/16	2/2	3	1	1/16		1/16	1		-2	58	625
36	36	1/2	1/2	2/2	4	1	1/4		1/4	1		-1	53	632
36	36	1/2	1/2	2/2	3	1	1/4		1/4	1		0	60	626
36	36	3/4	3/4	2/2	4	1	3/16		1/8	3/2		-1	53	633
36	36	3/4	3/4	2/2	3	1	3/16		1/8	3/2		0	60	627
36	36	15/16	15/16	2/2	4	1	1/16		1/16	1		-1	53	634
36	36	15/16	15/16	2/2	3	1	1/16		1/16	1		0	60	628
37	37	0	0	2/2	4	1	1/4		1/4	1		-2	58	648
37	37	0	0	2/2	3	1	1/4		1/4	1		2	62	644
37	37	1/4	1/4	2/2	1	1	3/16		1/8	3/2		-2	82	635
37	37	7/16	7/16	2/2	1	1	1/16		1/16	1		1	79	636
37	37	1/2	1/2	2/2	1	1	1/8		1/8	1		-1	77	637
37	37	11/16	11/16	2/2	4	1	1/16		1/16	1		-1	53	649
37	37	11/16	11/16	2/2	3	1	1/16		1/16	1		0	60	645
37	37	11/16	11/16	2/2	2	1	1/16		1/16	1		3	69	641
37	37	11/16	11/16	2/2	1	1	1/16		1/16	1		-3	75	638
37	37	11/16	11/16	2/2	1	1	1/16		1/16	1		-1	77	638
37	37	3/4	3/4	2/2	4	1	3/16		1/8	3/2		-1	53	650
37	37	3/4	3/4	2/2	3	1	3/16		1/8	3/2		0	60	646
37	37	3/4	3/4	2/2	2	1	3/16		1/8	3/2		3	69	642
37	37	3/4	3/4	2/2	1	1	3/16		1/8	3/2		-3	75	639
37	37	3/4	3/4	2/2	1	1	3/16		1/8	3/2		-1	77	639
37	37	15/16	15/16	2/2	4	1	1/16		1/16	1		-1	53	651
37	37	15/16	15/16	2/2	3	1	1/16		1/16	1		0	60	647
37	37	15/16	15/16	2/2	2	1	1/16		1/16	1		3	69	643
37	37	15/16	15/16	2/2	1	1	1/16		1/16	1		-3	75	640
37	37	15/16	15/16	2/2	1	1	1/16		1/16	1		-1	77	640
38	38	0	0	2/2	4	1	1/4		1/4	1		-2	58	667
38	38	0	0	2/2	3	1	1/4		1/4	1		2	62	663
38	38	0	0	2/2	2	1	1/4		1/4	1		-2	70	659
38	38	0	0	2/2	1	1	1/8		1/8	1		2	74	652
38	38	0	0	2/2	1	1	1/8		1/8	1		-1	77	652
38	38	1/4	1/4	2/2	1	1	3/16		1/8	3/2		-2	82	653
38	38	7/16	7/16	2/2	1	1	1/16		1/16	1		1	79	654
38	38	1/2	1/2	2/2	1	1	1/8		1/8	1		-1	77	655
38	38	11/16	11/16	2/2	4	1	1/16		1/16	1		-1	53	668
38	38	11/16	11/16	2/2	3	1	1/16		1/16	1		0	60	664
38	38	11/16	11/16	2/2	2	1	1/16		1/16	1		3	69	660
38	38	11/16	11/16	2/2	1	1	1/16		1/16	1		-3	75	656
38	38	11/16	11/16	2/2	1	1	1/16		1/16	1		-1	77	656
38	38	3/4	3/4	2/2	4	1	3/16		1/8	3/2		-1	53	669
38	38	3/4	3/4	2/2	3	1	3/16		1/8	3/2		0	60	665
38	38	3/4	3/4	2/2	2	1	3/16		1/8	3/2		3	69	661
38	38	3/4	3/4	2/2	1	1	3/16		1/8	3/2		-3	75	657
38	38	3/4	3/4	2/2	1	1	3/16		1/8	3/2		-1	77	657
38	38	15/16	15/16	2/2	4	1	1/16		1/16	1		-1	53	670
38	38	15/16	15/16	2/2	3	1	1/16		1/16	1		0	60	666
38	38	15/16	15/16	2/2	2	1	1/16		1/16	1		3	69	662
38	38	15/16	15/16	2/2	1	1	1/16		1/16	1		-3	75	658
38	38	15/16	15/16	2/2	1	1	1/16		1/16	1		-1	77	658
39	39	0	0	2/2	4	1	1/8		1/8	1		-2	58	695
39	39	0	0	2/2	3	1	1/8		1/8	1		2	62	687
39	39	0	0	2/2	2	1	1/8		1/8	1		-2	70	679
39	39	0	0	2/2	1	1	1/8		1/8	1		2	74	671
39	39	0	0	2/2	1	1	1/8		1/8	1		-1	77	671
39	39	3/16	3/16	2/2	4	1	1/16		1/16	1		-1	53	696
39	39	3/16	3/16	2/2	3	1	1/16		1/16	1		3	57	688
39	39	3/16	3/16	2/2	2	1	1/16		1/16	1		0	60	680
39	39	3/16	3/16	2/2	2	1	1/16		1/16	1		-3	63	680
39	39	3/16	3/16	2/2	1	1	1/16		1/16	1		-1	77	672
39	39	1/4	1/4	2/2	4	1	3/16		1/8	3/2		-1	53	697
39	39	1/4	1/4	2/2	3	1	3/16		1/8	3/2		3	57	689
39	39	1/4	1/4	2/2	2	1	3/16		1/8	3/2		0	60	681
39	39	1/4	1/4	2/2	2	1	3/16		1/8	3/2		-3	63	681
39	39	1/4	1/4	2/2	1	1	3/16		1/8	3/2		-1	77	673
39	39	7/16	7/16	2/2	4	1	1/16		1/16	1		-1	53	698
39	39	7/16	7/16	2/2	3	1	1/16		1/16	1		3	57	690
39	39	7/16	7/16	2/2	2	1	1/16		1/16	1		0	60	682
39	39	7/16	7/16	2/2	2	1	1/16		1/16	1		-3	63	682
39	39	7/16	7/16	2/2	1	1	1/16		1/16	1		-1	77	674
39	39	1/2	1/2	2/2	4	1	1/8		1/8	1		-2	46	699
39	39	1/2	1/2	2/2	2	1	1/8		1/8	1		-2	58	683
39	39	1/2	1/2	2/2	3	1	1/8		1/8	1		-2	58	691
39	39	1/2	1/2	2/2	2	1	1/8		1/8	1		2	62	683
39	39	1/2	1/2	2/2	1	1	1/8		1/8	1		-2	82	675
39	39	11/16	11/16	2/2	4	1	1/16		1/16	1		-1	53	700
39	39	11/16	11/16	2/2	3	1	1/16		1/16	1		3	57	692
39	39	11/16	11/16	2/2	2	1	1/16		1/16	1		0	60	684
39	39	11/16	11/16	2/2	2	1	1/16		1/16	1		-3	63	684
39	39	11/16	11/16	2/2	1	1	1/16		1/16	1		-1	77	676
39	39	3/4	3/4	2/2	4	1	3/16		1/8	3/2		-1	53	701
39	39	3/4	3/4	2/2	3	1	3/16		1/8	3/2		3	57	693
39	39	3/4	3/4	2/2	2	1	3/16		1/8	3/2		0	60	685
39	39	3/4	3/4	2/2	2	1	3/16		1/8	3/2		-3	63	685
39	39	3/4	3/4	2/2	1	1	3/16		1/8	3/2		-1	77	677
39	39	15/16	15/16	2/2	4	1	1/16		1/16	1		-1	53	702
39	39	15/16	15/16	2/2	3	1	1/16		1/16	1		3	57	694
39	39	15/16	15/16	2/2	2	1	1/16		1/16	1		0	60	686
39	39	15/16	15/16	2/2	2	1	1/16		1/16	1		-3	63	686
39	39	15/16	15/16	2/2	1	1	1/16		1/16	1		-1	77	678
40	40	0	0	2/2	4	1	1/4		1/4	1		-2	46	712
40	40	0	0	2/2	2	1	1/4		1/4	1		-2	58	706
40	40	0	0	2/2	3	1	1/4		1/4	1		-2	58	709
40	40	0	0	2/2	2	1	1/4		1/4	1		2	62	706
40	40	0	0	2/2	1	1	1/4		1/4	1		-2	82	703
40	40	1/4	1/4	2/2	4	1	1/4		1/4	1		-2	46	713
40	40	1/4	1/4	2/2	3	1	1/4		1/4	1		-1	53	710
40	40	1/4	1/4	2/2	2	1	1/4		1/4	1		-2	58	707
40	40	1/4	1/4	2/2	1	1	1/4		1/4	1		2	62	704
40	40	1/4	1/4	2/2	2	1	1/4		1/4	1		2	62	707
40	40	1/4	1/4	2/2	1	1	1/4		1/4	1		-2	70	704
40	40	1/2	1/2	2/2	4	1	1/4		1/4	1		-2	46	714
40	40	1/2	1/2	2/2	3	1	1/4		1/4	1		-1	53	711
40	40	1/2	1/2	2/2	2	1	1/4		1/4	1		-2	58	708
40	40	1/2	1/2	2/2	1	1	1/4		1/4	1		2	62	705
40	40	1/2	1/2	2/2	2	1	1/4		1/4	1		2	62	708
40	40	1/2	1/2	2/2	1	1	1/4		1/4	1		-2	70	705
41	41	0	0	2/2	2	1	1/4		1/4	1		2	62	718
41	41	0	0	2/2	2	1	1/4		1/4	1		2	74	718
41	41	1/4	1/4	2/2	2	1	3/16		1/8	3/2		2	62	719
41	41	1/4	1/4	2/2	2	1	3/16		1/8	3/2		2	74	719
41	41	7/16	7/16	2/2	2	1	1/16		1/16	1		2	62	720
41	41	7/16	7/16	2/2	2	1	1/16		1/16	1		2	74	720
41	41	1/2	1/2	2/2	4	1	1/4		1/4	1		2	38	725
41	41	1/2	1/2	2/2	3	1	1/4		1/4	1		6	54	722
41	41	1/2	1/2	2/2	3	1	1/4		1/4	1		3	57	722
41	41	1/2	1/2	2/2	2	1	1/4		1/4	1		2	62	721
41	41	1/2	1/2	2/2	1	1	1/4		1/4	1		6	66	715
41	41	1/2	1/2	2/2	1	1	1/4		1/4	1		2	74	715
41	41	1/2	1/2	2/2	2	1	1/4		1/4	1		2	74	721
41	41	3/4	3/4	2/2	4	1	3/16		1/8	3/2		2	38	726
41	41	3/4	3/4	2/2	3	1	3/16		1/8	3/2		6	54	723
41	41	3/4	3/4	2/2	3	1	3/16		1/8	3/2		3	57	723
41	41	3/4	3/4	2/2	1	1	3/16		1/8	3/2		6	66	716
41	41	3/4	3/4	2/2	1	1	3/16		1/8	3/2		2	74	716
41	41	15/16	15/16	2/2	4	1	1/16		1/16	1		2	38	727
41	41	15/16	15/16	2/2	3	1	1/16		1/16	1		6	54	724
41	41	15/16	15/16	2/2	3	1	1/16		1/16	1		3	57	724
41	41	15/16	15/16	2/2	1	1	1/16		1/16	1		6	66	717
41	41	15/16	15/16	2/2	1	1	1/16		1/16	1		2	74	717
42	42	0	0	2/2	4	1	1/4		1/4	1		0	36	740
42	42	0	0	2/2	3	1	1/4		1/4	1		6	54	736
42	42	0	0	2/2	3	1	1/4		1/4	1		3	57	736
42	42	0	0	2/2	2	1	1/4		1/4	1		-3	63	732
42	42	0	0	2/2	1	1	1/4		1/4	1		6	66	728
42	42	0	0	2/2	1	1	1/4		1/4	1		-3	75	728
42	42	0	0	2/2	2	1	1/4		1/4	1		-3	75	732
42	42	1/4	1/4	2/2	2	1	3/16		1/8	3/2		-3	63	733
42	42	1/4	1/4	2/2	2	1	3/16		1/8	3/2		-3	75	733
42	42	7/16	7/16	2/2	2	1	1/16		1/16	1		-3	63	734
42	42	7/16	7/16	2/2	2	1	1/16		1/16	1		-3	75	734
42	42	1/2	1/2	2/2	4	1	1/4		1/4	1		0	48	741
42	42	1/2	1/2	2/2	2	1	1/4		1/4	1		-3	63	735
42	42	1/2	1/2	2/2	3	1	1/4		1/4	1		-3	63	737
42	42	1/2	1/2	2/2	1	1	1/4		1/4	1		3	69	729
42	42	1/2	1/2	2/2	2	1	1/4		1/4	1		-3	75	735
42	42	1/2	1/2	2/2	1	1	1/4		1/4	1		6	78	729
42	42	3/4	3/4	2/2	4	1	3/16		1/8	3/2		0	48	742
42	42	3/4	3/4	2/2	3	1	3/16		1/8	3/2		-3	63	738
42	42	3/4	3/4	2/2	1	1	3/16		1/8	3/2		3	69	730
42	42	3/4	3/4	2/2	1	1	3/16		1/8	3/2		6	78	730
42	42	15/16	15/16	2/2	4	1	1/16		1/16	1		0	48	743
42	42	15/16	15/16	2/2	3	1	1/16		1/16	1		-3	63	739
42	42	15/16	15/16	2/2	1	1	1/16		1/16	1		3	69	731
42	42	15/16	15/16	2/2	1	1	1/16		1/16	1		6	78	731
43	43	0	0	2/2	4	1	1/4		1/4	1		-2	46	756
43	43	0	0	2/2	2	1	1/4		1/4	1		2	62	748
43	43	0	0	2/2	3	1	1/4		1/4	1		2	62	752
43	43	0	0	2/2	1	1	1/4		1/4	1		-2	70	744
43	43	0	0	2/2	2	1	1/4		1/4	1		2	74	748
43	43	0	0	2/2	1	1	1/4		1/4	1		1	79	744
43	43	1/4	1/4	2/2	4	1	3/16		1/8	3/2		-2	46	757
43	43	1/4	1/4	2/2	3	1	3/16		1/8	3/2		-2	58	753
43	43	1/4	1/4	2/2	2	1	3/16		1/8	3/2		2	62	749
43	43	1/4	1/4	2/2	1	1	3/16		1/8	3/2		-2	70	745
43	43	1/4	1/4	2/2	2	1	3/16		1/8	3/2		2	74	749
43	43	1/4	1/4	2/2	1	1	3/16		1/8	3/2		1	79	745
43	43	7/16	7/16	2/2	4	1	1/16		1/16	1		-2	46	758
43	43	7/16	7/16	2/2	3	1	1/16		1/16	1		1	55	754
43	43	7/16	7/16	2/2	2	1	1/16		1/16	1		2	62	750
43	43	7/16	7/16	2/2	1	1	1/16		1/16	1		-2	70	746
43	43	7/16	7/16	2/2	2	1	1/16		1/16	1		2	74	750
43	43	7/16	7/16	2/2	1	1	1/16		1/16	1		1	79	746
43	43	1/2	1/2	2/2	4	1	1/4		1/4	1		6	42	759
43	43	1/2	1/2	2/2	3	1	1/4		1/4	1		6	54	755
43	43	1/2	1/2	2/2	1	1	1/4		1/4	1		2	62	747
43	43	1/2	1/2	2/2	2	1	1/4		1/4	1		2	62	751
43	43	1/2	1/2	2/2	1	1	1/4		1/4	1		2	74	747
43	43	1/2	1/2	2/2	2	1	1/4		1/4	1		2	74	751
43	43	1/2	1/2	2/2	1	1	1/4		1/4	1		3	81	747
44	44	0	0	2/2	4	1	1/4		1/4	1		1	43	766
44	44	0	0	2/2	3	1	1/4		1/4	1		1	55	764
44	44	0	0	2/2	1	1	1/4		1/4	1		2	62	760
44	44	0	0	2/2	2	1	1/4		1/4	1		2	62	762
44	44	0	0	2/2	1	1	1/4		1/4	1		2	74	760
44	44	0	0	2/2	2	1	1/4		1/4	1		2	74	762
44	44	0	0	2/2	1	1	1/4		1/4	1		-2	82	760
44	44	3/4	3/4	2/2	4	1	1/4		1/4	1		-3	39	767
44	44	3/4	3/4	2/2	2	1	1/4		1/4	1		1	55	763
44	44	3/4	3/4	2/2	3	1	1/4		1/4	1		1	55	765
44	44	3/4	3/4	2/2	1	1	1/4		1/4	1		7	61	761
45	45	0	0	2/2	4	1	1		1	1		2	38	781
45	45	0	0	2/2	3	1	1/4		1/4	1		6	54	775
45	45	0	0	2/2	2	1	1/4		1/4	1		3	57	769
45	45	0	0	2/2	1	1	1		1	1		2	62	768
45	45	1/4	1/4	2/2	3	1	3/16		1/8	3/2		1	55	776
45	45	1/4	1/4	2/2	2	1	3/16		1/8	3/2		-2	58	770
45	45	7/16	7/16	2/2	3	1	1/16		1/16	1		1	55	777
45	45	7/16	7/16	2/2	2	1	1/16		1/16	1		-2	58	771
45	45	1/2	1/2	2/2	3	1	1/4		1/4	1		6	54	778
45	45	1/2	1/2	2/2	2	1	1/4		1/4	1		3	57	772
45	45	3/4	3/4	2/2	3	1	3/16		1/8	3/2		1	55	779
45	45	3/4	3/4	2/2	2	1	3/16		1/8	3/2		-2	58	773
45	45	15/16	15/16	2/2	3	1	1/16		1/16	1		1	55	780
45	45	15/16	15/16	2/2	2	1	1/16		1/16	1		-2	58	774
46	46	0	0	2/2	4	1	1/4		1/4	1		2	38	791
46	46	0	0	2/2	3	1	1/4		1/4	1		6	54	788
46	46	0	0	2/2	2	1	1/4		1/4	1		3	57	785
46	46	0	0	2/2	1	1	1/4		1/4	1		2	62	782
46	46	1/4	1/4	2/2	4	1	1/4		1/4	1		2	38	792
46	46	1/4	1/4	2/2	3	1	1/4		1/4	1		6	54	789
46	46	1/4	1/4	2/2	2	1	1/4		1/4	1		3	57	786
46	46	1/4	1/4	2/2	1	1	1/4		1/4	1		2	62	783
46	46	1/2	1/2	2/2	4	1	1/4		1/4	1		2	38	793
46	46	1/2	1/2	2/2	3	1	1/4		1/4	1		6	54	790
46	46	1/2	1/2	2/2	2	1	1/4		1/4	1		3	57	787
46	46	1/2	1/2	2/2	1	1	1/4		1/4	1		2	62	784
47	47	0	0	2/2	4	1	1/4		1/4	1		1	55	807
47	47	1/4	1/4	2/2	4	1	3/16		1/8	3/2		1	55	808
47	47	7/16	7/16	2/2	4	1	1/16		1/16	1		1	55	809
47	47	1/2	1/2	2/2	4	1	1/4		1/4	1		1	55	810
47	47	1/2	1/2	2/2	3	1	1/4		1/4	1		-2	58	804
47	47	1/2	1/2	2/2	2	1	1/4		1/4	1		2	62	801
47	47	9/16	9/16	2/2	1	1	1/16		1/16	1		6	78	794
47	47	5/8	5/8	2/2	1	1	1/16		1/16	1		1	79	795
47	47	11/16	11/16	2/2	1	1	1/16		1/16	1		6	78	796
47	47	3/4	3/4	2/2	3	1	3/16		1/8	3/2		-2	58	805
47	47	3/4	3/4	2/2	2	1	3/16		1/8	3/2		2	62	802
47	47	3/4	3/4	2/2	1	1	1/16		1/16	1		1	79	797
47	47	13/16	13/16	2/2	1	1	1/16		1/16	1		2	74	798
47	47	7/8	7/8	2/2	1	1	1/16		1/16	1		-2	70	799
47	47	15/16	15/16	2/2	3	1	1/16		1/16	1		-2	58	806
47	47	15/16	15/16	2/2	2	1	1/16		1/16	1		2	62	803
47	47	15/16	15/16	2/2	1	1	1/16		1/16	1		1	67	800
48	48	0	0	2/2	4	1	1/4		1/4	1		1	55	827
48	48	0	0	2/2	3	1	1/2		1/2	1		0	60	823
48	48	0	0	2/2	2	1	1/2		1/2	1		-3	63	819
48	48	0	0	2/2	1	1	1/4		1/4	1		6	66	811
48	48	1/4	1/4	2/2	4	1	3/16		1/8	3/2		1	55	828
48	48	7/16	7/16	2/2	4	1	1/16		1/16	1		1	55	829
48	48	1/2	1/2	2/2	4	1	1/2		1/2	1		1	55	830
48	48	1/2	1/2	2/2	3	1	1/4		1/4	1		0	60	824
48	48	1/2	1/2	2/2	2	1	1/4		1/4	1		-3	63	820
48	48	9/16	9/16	2/2	1	1	1/16		1/16	1		5	83	812
48	48	5/8	5/8	2/2	1	1	1/16		1/16	1		0	84	813
48	48	11/16	11/16	2/2	1	1	1/16		1/16	1		5	83	814
48	48	3/4	3/4	2/2	3	1	3/16		1/8	3/2		0	60	825
48	48	3/4	3/4	2/2	2	1	3/16		1/8	3/2		-3	63	821
48	48	3/4	3/4	2/2	1	1	1/16		1/16	1		0	84	815
48	48	13/16	13/16	2/2	1	1	1/16		1/16	1		-2	82	816
48	48	7/8	7/8	2/2	1	1	1/16		1/16	1		3	81	817
48	48	15/16	15/16	2/2	3	1	1/16		1/16	1		0	60	826
48	48	15/16	15/16	2/2	2	1	1/16		1/16	1		-3	63	822
48	48	15/16	15/16	2/2	1	1	1/16		1/16	1		1	79	818
49	49	0	0	2/2	4	1	1/4		1/4	1		1	55	847
49	49	0	0	2/2	3	1	1/2		1/2	1		3	57	843
49	49	0	0	2/2	2	1	1/2		1/2	1		0	60	839
49	49	0	0	2/2	1	1	1/4		1/4	1		6	78	831
49	49	1/4	1/4	2/2	4	1	3/16		1/8	3/2		1	55	848
49	49	7/16	7/16	2/2	4	1	1/16		1/16	1		1	55	849
49	49	1/2	1/2	2/2	4	1	1/4		1/4	1		1	55	850
49	49	1/2	1/2	2/2	3	1	1/4		1/4	1		3	57	844
49	49	1/2	1/2	2/2	2	1	1/4		1/4	1		0	60	840
49	49	9/16	9/16	2/2	1	1	1/16		1/16	1		8	80	832
49	49	5/8	5/8	2/2	1	1	1/16		1/16	1		3	81	833
49	49	11/16	11/16	2/2	1	1	1/16		1/16	1		8	80	834
49	49	3/4	3/4	2/2	3	1	3/16		1/8	3/2		3	57	845
49	49	3/4	3/4	2/2	2	1	3/16		1/8	3/2		0	60	841
49	49	3/4	3/4	2/2	1	1	1/16		1/16	1		3	81	835
49	49	13/16	13/16	2/2	1	1	1/16		1/16	1		6	78	836
49	49	7/8	7/8	2/2	1	1	1/16		1/16	1		4	76	837
49	49	15/16	15/16	2/2	3	1	1/16		1/16	1		3	57	846
49	49	15/16	15/16	2/2	2	1	1/16		1/16	1		0	60	842
49	49	15/16	15/16	2/2	1	1	1/16		1/16	1		2	74	838
50	50	0	0	2/2	4	1	1/4		1/4	1		1	55	867
50	50	0	0	2/2	3	1	1/2		1/2	1		-2	58	863
50	50	0	0	2/2	2	1	1/2		1/2	1		2	62	859
50	50	0	0	2/2	1	1	1/4		1/4	1		1	79	851
50	50	1/4	1/4	2/2	4	1	3/16		1/8	3/2		1	55	868
50	50	7/16	7/16	2/2	4	1	1/16		1/16	1		1	55	869
50	50	1/2	1/2	2/2	4	1	1/2		1/2	1		1	55	870
50	50	1/2	1/2	2/2	3	1	1/4		1/4	1		-2	58	864
50	50	1/2	1/2	2/2	2	1	1/4		1/4	1		2	62	860
50	50	9/16	9/16	2/2	1	1	1/16		1/16	1		6	78	852
50	50	5/8	5/8	2/2	1	1	1/16		1/16	1		1	79	853
50	50	11/16	11/16	2/2	1	1	1/16		1/16	1		6	78	854
50	50	3/4	3/4	2/2	3	1	3/16		1/8	3/2		-2	58	865
50	50	3/4	3/4	2/2	2	1	3/16		1/8	3/2		2	62	861
50	50	3/4	3/4	2/2	1	1	1/16		1/16	1		1	79	855
50	50	13/16	13/16	2/2	1	1	1/16		1/16	1		2	74	856
50	50	7/8	7/8	2/2	1	1	1/16		1/16	1		-2	70	857
50	50	15/16	15/16	2/2	3	1	1/16		1/16	1		-2	58	866
50	50	15/16	15/16	2/2	2	1	1/16		1/16	1		2	62	862
50	50	15/16	15/16	2/2	1	1	1/16		1/16	1		1	67	858
51	51	0	0	2/2	4	1	1/4		1/4	1		-1	53	887
51	51	0	0	2/2	3	1	1/2		1/2	1		5	59	883
51	51	0	0	2/2	2	1	1/2		1/2	1		2	62	879
51	51	0	0	2/2	1	1	1/4		1/4	1		-4	68	871
51	51	1/4	1/4	2/2	4	1	3/16		1/8	3/2		-1	53	888
51	51	7/16	7/16	2/2	4	1	1/16		1/16	1		-1	53	889
51	51	1/2	1/2	2/2	4	1	1/2		1/2	1		-1	53	890
51	51	1/2	1/2	2/2	3	1	1/4		1/4	1		5	59	884
51	51	1/2	1/2	2/2	2	1	1/4		1/4	1		2	62	880
51	51	9/16	9/16	2/2	1	1	1/16		1/16	1		1	79	872
51	51	5/8	5/8	2/2	1	1	1/16		1/16	1		-4	80	873
51	51	11/16	11/16	2/2	1	1	1/16		1/16	1		1	79	874
51	51	3/4	3/4	2/2	3	1	3/16		1/8	3/2		5	59	885
51	51	3/4	3/4	2/2	2	1	3/16		1/8	3/2		2	62	881
51	51	3/4	3/4	2/2	1	1	1/16		1/16	1		-4	80	875
51	51	13/16	13/16	2/2	1	1	1/16		1/16	1		-1	77	876
51	51	7/8	7/8	2/2	1	1	1/16		1/16	1		2	74	877
51	51	15/16	15/16	2/2	2	1	1/16		1/16	1		2	62	882
51	51	15/16	15/16	2/2	3	1	1/16		1/16	1		-4	68	886
51	51	15/16	15/16	2/2	1	1	1/16		1/16	1		5	71	878
52	52	0	0	2/2	4	1	1/4		1/4	1		-3	51	909
52	52	0	0	2/2	2	1	1/4		1/4	1		-3	63	905
52	52	0	0	2/2	3	1	1/4		1/4	1		1	67	907
52	52	1/16	1/16	2/2	1	1	1/16		1/16	1		6	78	891
52	52	1/8	1/8	2/2	1	1	1/16		1/16	1		1	79	892
52	52	3/16	3/16	2/2	1	1	1/16		1/16	1		6	78	893
52	52	1/4	1/4	2/2	1	1	1/16		1/16	1		1	79	894
52	52	5/16	5/16	2/2	1	1	1/16		1/16	1		-3	75	895
52	52	3/8	3/8	2/2	1	1	1/16		1/16	1		2	74	896
52	52	7/16	7/16	2/2	1	1	1/16		1/16	1		0	72	897
52	52	1/2	1/2	2/2	4	1	1/4		1/4	1		-3	51	910
52	52	1/2	1/2	2/2	3	1	1/4		1/4	1		1	55	908
52	52	1/2	1/2	2/2	2	1	1/4		1/4	1		7	61	906
52	52	9/16	9/16	2/2	1	1	1/16		1/16	1		3	81	898
52	52	5/8	5/8	2/2	1	1	1/16		1/16	1		-2	82	899
52	52	11/16	11/16	2/2	1	1	1/16		1/16	1		3	81	900
52	52	3/4	3/4	2/2	1	1	1/16		1/16	1		-2	82	901
52	52	13/16	13/16	2/2	1	1	1/16		1/16	1		1	79	902
52	52	7/8	7/8	2/2	1	1	1/16		1/16	1		6	78	903
52	52	15/16	15/16	2/2	1	1	1/16		1/16	1		1	79	904
53	53	1/16	1/16	2/2	1	1	1/16		1/16	1		3	69	911
53	53	1/8	1/8	2/2	1	1	1/16		1/16	1		-2	70	912
53	53	3/16	3/16	2/2	1	1	1/16		1/16	1		3	69	913
53	53	1/4	1/4	2/2	1	1	1/16		1/16	1		-2	70	914
53	53	5/16	5/16	2/2	1	1	1/16		1/16	1		1	67	915
53	53	3/8	3/8	2/2	1	1	1/16		1/16	1		6	66	916
53	53	7/16	7/16	2/2	1	1	1/16		1/16	1		1	67	917
53	53	9/16	9/16	2/2	1	1	1/16		1/16	1		7	61	918
53	53	5/8	5/8	2/2	1	1	1/16		1/16	1		2	62	919
53	53	11/16	11/16	2/2	1	1	1/16		1/16	1		7	61	920
53	53	3/4	3/4	2/2	1	1	1/16		1/16	1		2	62	921
53	53	13/16	13/16	2/2	1	1	1/16		1/16	1		7	61	922
53	53	7/8	7/8	2/2	1	1	1/16		1/16	1		2	62	923
53	53	15/16	15/16	2/2	1	1	1/16		1/16	1		7	61	924
54	54	0	0	2/2	1	1	1/16		1/16	1		2	62	925
54	54	1/16	1/16	2/2	4	1	1/16		1/16	1		2	50	971
54	54	1/16	1/16	2/2	1	1	1/16		1/16	1		2	62	926
54	54	1/16	1/16	2/2	2	1	1/16		1/16	1		2	62	941
54	54	1/16	1/16	2/2	3	1	1/16		1/16	1		2	62	956
54	54	1/8	1/8	2/2	4	1	1/16		1/16	1		-3	51	972
54	54	1/8	1/8	2/2	1	1	1/16		1/16	1		-3	63	927
54	54	1/8	1/8	2/2	2	1	1/16		1/16	1		-3	63	942
54	54	1/8	1/8	2/2	3	1	1/16		1/16	1		-3	63	957
54	54	3/16	3/16	2/2	4	1	1/16		1/16	1		2	50	973
54	54	3/16	3/16	2/2	1	1	1/16		1/16	1		2	62	928
54	54	3/16	3/16	2/2	2	1	1/16		1/16	1		2	62	943
54	54	3/16	3/16	2/2	3	1	1/16		1/16	1		2	62	958
54	54	1/4	1/4	2/2	4	1	1/16		1/16	1		-3	51	974
54	54	1/4	1/4	2/2	1	1	1/16		1/16	1		-3	63	929
54	54	1/4	1/4	2/2	2	1	1/16		1/16	1		-3	63	944
54	54	1/4	1/4	2/2	3	1	1/16		1/16	1		-3	63	959
54	54	5/16	5/16	2/2	4	1	1/16		1/16	1		2	50	975
54	54	5/16	5/16	2/2	1	1	1/16		1/16	1		2	62	930
54	54	5/16	5/16	2/2	2	1	1/16		1/16	1		2	62	945
54	54	5/16	5/16	2/2	3	1	1/16		1/16	1		2	62	960
54	54	3/8	3/8	2/2	4	1	1/16		1/16	1		-3	51	976
54	54	3/8	3/8	2/2	1	1	1/16		1/16	1		-3	63	931
54	54	3/8	3/8	2/2	2	1	1/16		1/16	1		-3	63	946
54	54	3/8	3/8	2/2	3	1	1/16		1/16	1		-3	63	961
54	54	7/16	7/16	2/2	4	1	1/16		1/16	1		2	50	977
54	54	7/16	7/16	2/2	1	1	1/16		1/16	1		2	62	932
54	54	7/16	7/16	2/2	2	1	1/16		1/16	1		2	62	947
54	54	7/16	7/16	2/2	3	1	1/16		1/16	1		2	62	962
54	54	1/2	1/2	2/2	4	1	1/16		1/16	1		-3	51	978
54	54	1/2	1/2	2/2	1	1	1/16		1/16	1		-3	63	933
54	54	1/2	1/2	2/2	2	1	1/16		1/16	1		-3	63	948
54	54	1/2	1/2	2/2	3	1	1/16		1/16	1		-3	63	963
54	54	9/16	9/16	2/2	4	1	1/16		1/16	1		5	47	979
54	54	9/16	9/16	2/2	1	1	1/16		1/16	1		5	59	934
54	54	9/16	9/16	2/2	2	1	1/16		1/16	1		5	59	949
54	54	9/16	9/16	2/2	3	1	1/16		1/16	1		5	59	964
54	54	5/8	5/8	2/2	4	1	1/16		1/16	1		0	48	980
54	54	5/8	5/8	2/2	1	1	1/16		1/16	1		0	60	935
54	54	5/8	5/8	2/2	2	1	1/16		1/16	1		0	60	950
54	54	5/8	5/8	2/2	3	1	1/16		1/16	1		0	60	965
54	54	11/16	11/16	2/2	4	1	1/16		1/16	1		5	47	981
54	54	11/16	11/16	2/2	1	1	1/16		1/16	1		5	59	936
54	54	11/16	11/16	2/2	2	1	1/16		1/16	1		5	59	951
54	54	11/16	11/16	2/2	3	1	1/16		1/16	1		5	59	966
54	54	3/4	3/4	2/2	4	1	1/16		1/16	1		0	48	982
54	54	3/4	3/4	2/2	1	1	1/16		1/16	1		0	60	937
54	54	3/4	3/4	2/2	2	1	1/16		1/16	1		0	60	952
54	54	3/4	3/4	2/2	3	1	1/16		1/16	1		0	60	967
54	54	13/16	13/16	2/2	4	1	1/16		1/16	1		5	47	983
54	54	13/16	13/16	2/2	1	1	1/16		1/16	1		5	59	938
54	54	13/16	13/16	2/2	2	1	1/16		1/16	1		5	59	953
54	54	13/16	13/16	2/2	3	1	1/16		1/16	1		5	59	968
54	54	7/8	7/8	2/2	4	1	1/16		1/16	1		0	48	984
54	54	7/8	7/8	2/2	1	1	1/16		1/16	1		0	60	939
54	54	7/8	7/8	2/2	2	1	1/16		1/16	1		0	60	954
54	54	7/8	7/8	2/2	3	1	1/16		1/16	1		0	60	969
54	54	15/16	15/16	2/2	4	1	1/16		1/16	1		5	47	985
54	54	15/16	15/16	2/2	1	1	1/16		1/16	1		5	59	940
54	54	15/16	15/16	2/2	2	1	1/16		1/16	1		5	59	955
54	54	15/16	15/16	2/2	3	1	1/16		1/16	1		5	59	970
55	55	0	0	2/2	4	1	1/16		1/16	1		0	48	1022
55	55	0	0	2/2	1	1	1/16		1/16	1		0	60	986
55	55	0	0	2/2	2	1	1/16		1/16	1		0	60	998
55	55	0	0	2/2	3	1	1/16		1/16	1		0	60	1010
55	55	1/16	1/16	2/2	4	1	1/16		1/16	1		8	56	1023
55	55	1/16	1/16	2/2	1	1	1/16		1/16	1		8	68	987
55	55	1/16	1/16	2/2	2	1	1/16		1/16	1		8	68	999
55	55	1/16	1/16	2/2	3	1	1/16		1/16	1		8	68	1011
55	55	1/8	1/8	2/2	4	1	1/16		1/16	1		3	57	1024
55	55	1/8	1/8	2/2	1	1	1/16		1/16	1		3	69	988
55	55	1/8	1/8	2/2	2	1	1/16		1/16	1		3	69	1000
55	55	1/8	1/8	2/2	3	1	1/16		1/16	1		3	69	1012
55	55	3/16	3/16	2/2	4	1	1/16		1/16	1		8	56	1025
55	55	3/16	3/16	2/2	1	1	1/16		1/16	1		8	68	989
55	55	3/16	3/16	2/2	2	1	1/16		1/16	1		8	68	1001
55	55	3/16	3/16	2/2	3	1	1/16		1/16	1		8	68	1013
55	55	1/4	1/4	2/2	4	1	1/16		1/16	1		3	57	1026
55	55	1/4	1/4	2/2	1	1	1/16		1/16	1		3	69	990
55	55	1/4	1/4	2/2	2	1	1/16		1/16	1		3	69	1002
55	55	1/4	1/4	2/2	3	1	1/16		1/16	1		3	69	1014
55	55	5/16	5/16	2/2	4	1	1/16		1/16	1		8	56	1027
55	55	5/16	5/16	2/2	1	1	1/16		1/16	1		8	68	991
55	55	5/16	5/16	2/2	2	1	1/16		1/16	1		8	68	1003
55	55	5/16	5/16	2/2	3	1	1/16		1/16	1		8	68	1015
55	55	3/8	3/8	2/2	4	1	1/16		1/16	1		3	57	1028
55	55	3/8	3/8	2/2	1	1	1/16		1/16	1		3	69	992
55	55	3/8	3/8	2/2	2	1	1/16		1/16	1		3	69	1004
55	55	3/8	3/8	2/2	3	1	1/16		1/16	1		3	69	1016
55	55	7/16	7/16	2/2	4	1	1/16		1/16	1		1	55	1029
55	55	7/16	7/16	2/2	1	1	1/16		1/16	1		1	67	993
55	55	7/16	7/16	2/2	2	1	1/16		1/16	1		1	67	1005
55	55	7/16	7/16	2/2	3	1	1/16		1/16	1		1	67	1017
55	55	1/2	1/2	2/2	4	1	1/8		1/8	1		6	54	1030
55	55	1/2	1/2	2/2	1	1	1/8		1/8	1		6	66	994
55	55	1/2	1/2	2/2	2	1	1/8		1/8	1		6	66	1006
55	55	1/2	1/2	2/2	3	1	1/8		1/8	1		6	66	1018
55	55	5/8	5/8	2/2	4	1	1/8		1/8	1		3	57	1031
55	55	5/8	5/8	2/2	1	1	1/8		1/8	1		3	69	995
55	55	5/8	5/8	2/2	2	1	1/8		1/8	1		3	69	1007
55	55	5/8	5/8	2/2	3	1	1/8		1/8	1		3	69	1019
55	55	3/4	3/4	2/2	4	1	1/8		1/8	1		0	60	1032
55	55	3/4	3/4	2/2	1	1	1/8		1/8	1		0	72	996
55	55	3/4	3/4	2/2	2	1	1/8		1/8	1		0	72	1008
55	55	3/4	3/4	2/2	3	1	1/8		1/8	1		0	72	1020
55	55	7/8	7/8	2/2	4	1	1/8		1/8	1		2	62	1033
55	55	7/8	7/8	2/2	1	1	1/8		1/8	1		2	74	997
55	55	7/8	7/8	2/2	2	1	1/8		1/8	1		2	74	1009
55	55	7/8	7/8	2/2	3	1	1/8		1/8	1		2	74	1021
56	56	0	0	2/2	4	1	1/4		1/4	1		-3	63	1046
56	56	0	0	2/2	1	1	1/4		1/4	1		-3	75	1034
56	56	0	0	2/2	2	1	1/4		1/4	1		-3	75	1038
56	56	0	0	2/2	3	1	1/4		1/4	1		-3	75	1042
56	56	1/4	1/4	2/2	4	1	3/16		1/8	3/2		0	36	1047
56	56	1/4	1/4	2/2	4	1	3/16		1/8	3/2		0	48	1047
56	56	1/4	1/4	2/2	3	1	3/16		1/8	3/2		0	60	1043
56	56	1/4	1/4	2/2	1	1	3/16		1/8	3/2		3	69	1035
56	56	1/4	1/4	2/2	2	1	3/16		1/8	3/2		-3	75	1039
56	56	1/4	1/4	2/2	1	1	3/16		1/8	3/2		6	78	1035
56	56	7/16	7/16	2/2	4	1	1/16		1/16	1		0	36	1048
56	56	7/16	7/16	2/2	4	1	1/16		1/16	1		0	48	1048
56	56	7/16	7/16	2/2	3	1	1/16		1/16	1		0	60	1044
56	56	7/16	7/16	2/2	1	1	1/16		1/16	1		3	69	1036
56	56	7/16	7/16	2/2	2	1	1/16		1/16	1		-3	75	1040
56	56	7/16	7/16	2/2	1	1	1/16		1/16	1		6	78	1036
56	56	1/2	1/2	2/2	4	1	1/4		1/4	1		0	36	1049
56	56	1/2	1/2	2/2	4	1	1/4		1/4	1		0	48	1049
56	56	1/2	1/2	2/2	3	1	1/4		1/4	1		0	60	1045
56	56	1/2	1/2	2/2	1	1	1/4		1/4	1		3	69	1037
56	56	1/2	1/2	2/2	2	1	1/4		1/4	1		-3	75	1041
56	56	1/2	1/2	2/2	1	1	1/4		1/4	1		6	78	1037
57	57	0	0	2/2	4	1	1/4		1/4	1		-2	46	1070
57	57	0	0	2/2	1	1	1/2		1/2	1	1	1	79	1050
57	57	1/8	1/8	2/2	3	1	1/8		1/8	1		2	62	1064
57	57	1/8	1/8	2/2	2	1	1/8		1/8	1		1	67	1058
57	57	1/4	1/4	2/2	3	1	1/8		1/8	1		2	62	1065
57	57	1/4	1/4	2/2	2	1	1/8		1/8	1		1	67	1059
57	57	3/8	3/8	2/2	3	1	1/8		1/8	1		2	62	1066
57	57	3/8	3/8	2/2	2	1	1/8		1/8	1		1	67	1060
57	57	1/2	1/2	2/2	4	1	1/4		1/4	1		0	48	1071
57	57	1/2	1/2	2/2	1	1	1/8		1/8	1	-1	1	79	1051
57	57	5/8	5/8	2/2	1	1	0	grace16	1/16	1		-1	77	1052
57	57	5/8	5/8	2/2	1	1	0	grace16	1/16	1		-3	75	1053
57	57	5/8	5/8	2/2	1	1	0	grace16	1/16	1		2	74	1054
57	57	5/8	5/8	2/2	3	1	1/8		1/8	1		-3	63	1067
57	57	5/8	5/8	2/2	2	1	1/8		1/8	1		1	67	1061
57	57	5/8	5/8	2/2	1	1	1/8		1/8	1		-3	75	1055
57	57	3/4	3/4	2/2	3	1	1/8		1/8	1		-3	63	1068
57	57	3/4	3/4	2/2	2	1	1/8		1/8	1		1	67	1062
57	57	3/4	3/4	2/2	1	1	1/8		1/8	1		1	79	1056
57	57	7/8	7/8	2/2	3	1	1/8		1/8	1		-3	63	1069
57	57	7/8	7/8	2/2	2	1	1/8		1/8	1		1	67	1063
57	57	7/8	7/8	2/2	1	1	1/8		1/8	1		-3	75	1057
58	58	0	0	2/2	4	1	1/4		1/4	1		2	50	1090
58	58	0	0	2/2	1	1	1/8		1/8	1		-3	75	1072
58	58	1/8	1/8	2/2	3	1	1/8		1/8	1		-2	58	1084
58	58	1/8	1/8	2/2	2	1	1/8		1/8	1		1	67	1078
58	58	1/8	1/8	2/2	1	1	1/8		1/8	1		2	74	1073
58	58	1/4	1/4	2/2	3	1	1/8		1/8	1		2	62	1085
58	58	1/4	1/4	2/2	2	1	1/8		1/8	1		-2	70	1079
58	58	1/4	1/4	2/2	1	1	3/8		1/4	3/2		2	74	1074
58	58	3/8	3/8	2/2	3	1	1/8		1/8	1		2	62	1086
58	58	3/8	3/8	2/2	2	1	1/8		1/8	1		-2	70	1080
58	58	1/2	1/2	2/2	4	1	1/4		1/4	1		2	38	1091
58	58	5/8	5/8	2/2	3	1	1/8		1/8	1		0	60	1087
58	58	5/8	5/8	2/2	2	1	1/8		1/8	1		3	69	1081
58	58	5/8	5/8	2/2	1	1	1/8		1/8	1		0	72	1075
58	58	3/4	3/4	2/2	3	1	1/8		1/8	1		-2	58	1088
58	58	3/4	3/4	2/2	2	1	1/8		1/8	1		1	67	1082
58	58	3/4	3/4	2/2	1	1	1/8		1/8	1		-2	70	1076
58	58	7/8	7/8	2/2	3	1	1/8		1/8	1		3	57	1089
58	58	7/8	7/8	2/2	2	1	1/8		1/8	1		6	66	1083
58	58	7/8	7/8	2/2	1	1	1/8		1/8	1		3	69	1077
59	59	0	0	2/2	4	1	1/4		1/4	1		1	43	1100
59	59	0	0	2/2	3	1	1/4		1/4	1		1	55	1094
59	59	0	0	2/2	1	1	1/4		1/4	1		1	67	1092
59	59	0	0	2/2	2	1	1/4		1/4	1		1	67	1093
59	59	1/4	1/4	2/2	3	1	3/16		1/8	3/2		1	67	1095
59	59	7/16	7/16	2/2	3	1	1/16		1/16	1		1	67	1096
59	59	1/2	1/2	2/2	3	1	1/4		1/4	1		-1	65	1097
59	59	3/4	3/4	2/2	3	1	3/16		1/8	3/2		-1	65	1098
59	59	15/16	15/16	2/2	3	1	1/16		1/16	1		-1	65	1099
60	60	0	0	2/2	4	1	1		1	1	1	1	55	1120
60	60	0	0	2/2	3	1	1/4		1/4	1		-3	63	1114
60	60	0	0	2/2	2	1	1/4		1/4	1		1	67	1108
60	60	0	0	2/2	1	1	3/8		1/4	3/2		1	79	1101
60	60	1/4	1/4	2/2	3	1	3/16		1/8	3/2		-3	63	1115
60	60	1/4	1/4	2/2	2	1	3/16		1/8	3/2		1	67	1109
60	60	3/8	3/8	2/2	1	1	1/8		1/8	1		0	84	1102
60	60	7/16	7/16	2/2	3	1	1/16		1/16	1		-3	63	1116
60	60	7/16	7/16	2/2	2	1	1/16		1/16	1		1	67	1110
60	60	1/2	1/2	2/2	3	1	1/4		1/4	1		2	62	1117
60	60	1/2	1/2	2/2	2	1	1/4		1/4	1		-1	65	1111
60	60	1/2	1/2	2/2	1	1	1/8		1/8	1		0	84	1103
60	60	5/8	5/8	2/2	1	1	1/8		1/8	1		5	83	1104
60	60	3/4	3/4	2/2	3	1	3/16		1/8	3/2		2	62	1118
60	60	3/4	3/4	2/2	2	1	3/16		1/8	3/2		-1	65	1112
60	60	3/4	3/4	2/2	1	1	1/12		1/8	2/3		2	86	1105
60	60	5/6	5/6	2/2	1	1	1/12		1/8	2/3		5	83	1106
60	60	11/12	11/12	2/2	1	1	1/12		1/8	2/3		1	79	1107
60	60	15/16	15/16	2/2	3	1	1/16		1/16	1		2	62	1119
60	60	15/16	15/16	2/2	2	1	1/16		1/16	1		-1	65	1113
61	61	0	0	2/2	4	1	1		1	1	-1	1	55	1140
61	61	0	0	2/2	3	1	1/4		1/4	1		0	60	1133
61	61	0	0	2/2	2	1	1/4		1/4	1		-3	63	1126
61	61	0	0	2/2	1	1	1/8		1/8	1		-1	77	1121
61	61	1/8	1/8	2/2	1	1	1/8		1/8	1		-3	75	1122
61	61	1/4	1/4	2/2	3	1	3/16		1/8	3/2		0	60	1134
61	61	1/4	1/4	2/2	2	1	3/16		1/8	3/2		-3	63	1127
61	61	1/4	1/4	2/2	1	1	1/8		1/8	1		1	79	1123
61	61	3/8	3/8	2/2	1	1	1/8		1/8	1		-3	75	1124
61	61	7/16	7/16	2/2	3	1	1/16		1/16	1		0	60	1135
61	61	7/16	7/16	2/2	2	1	1/16		1/16	1		-3	63	1128
61	61	1/2	1/2	2/2	3	1	1/8		1/8	1		5	59	1136
61	61	1/2	1/2	2/2	2	1	1/8		1/8	1		2	62	1129
61	61	1/2	1/2	2/2	1	1	1/4		1/4	1		2	74	1125
61	61	5/8	5/8	2/2	3	1	1/8		1/8	1		5	59	1137
61	61	5/8	5/8	2/2	2	1	1/8		1/8	1		2	62	1130
61	61	3/4	3/4	2/2	3	1	1/8		1/8	1		0	60	1138
61	61	3/4	3/4	2/2	2	1	1/8		1/8	1		-3	63	1131
61	61	7/8	7/8	2/2	3	1	1/8		1/8	1		2	62	1139
61	61	7/8	7/8	2/2	2	1	1/8		1/8	1		-1	65	1132
62	62	0	0	2/2	4	1	1		1	1	1	1	43	1161
62	62	0	0	2/2	3	1	1/4		1/4	1		-3	63	1155
62	62	0	0	2/2	2	1	1/4		1/4	1		1	67	1149
62	62	0	0	2/2	1	1	3/8		1/4	3/2		1	79	1141
62	62	1/4	1/4	2/2	3	1	3/16		1/8	3/2		-3	63	1156
62	62	1/4	1/4	2/2	2	1	3/16		1/8	3/2		1	67	1150
62	62	3/8	3/8	2/2	1	1	1/8		1/8	1		0	84	1142
62	62	7/16	7/16	2/2	3	1	1/16		1/16	1		-3	63	1157
62	62	7/16	7/16	2/2	2	1	1/16		1/16	1		1	67	1151
62	62	1/2	1/2	2/2	3	1	1/4		1/4	1		2	62	1158
62	62	1/2	1/2	2/2	2	1	1/4		1/4	1		-1	65	1152
62	62	1/2	1/2	2/2	1	1	1/12		1/8	2/3		0	84	1143
62	62	7/12	7/12	2/2	1	1	1/12		1/8	2/3		5	83	1144
62	62	2/3	2/3	2/2	1	1	1/12		1/8	2/3		0	84	1145
62	62	3/4	3/4	2/2	3	1	3/16		1/8	3/2		2	62	1159
62	62	3/4	3/4	2/2	2	1	3/16		1/8	3/2		-1	65	1153
62	62	3/4	3/4	2/2	1	1	1/12		1/8	2/3		2	86	1146
62	62	5/6	5/6	2/2	1	1	1/12		1/8	2/3		5	83	1147
62	62	11/12	11/12	2/2	1	1	1/12		1/8	2/3		1	79	1148
62	62	15/16	15/16	2/2	3	1	1/16		1/16	1		2	62	1160
62	62	15/16	15/16	2/2	2	1	1/16		1/16	1		-1	65	1154
63	63	0	0	2/2	4	1	1		1	1	-1	1	43	1181
63	63	0	0	2/2	3	1	1/4		1/4	1		0	60	1174
63	63	0	0	2/2	2	1	1/4		1/4	1		-3	63	1167
63	63	0	0	2/2	1	1	1/8		1/8	1		-1	77	1162
63	63	1/8	1/8	2/2	1	1	1/8		1/8	1		-3	75	1163
63	63	1/4	1/4	2/2	3	1	3/16		1/8	3/2		0	60	1175
63	63	1/4	1/4	2/2	2	1	3/16		1/8	3/2		-3	63	1168
63	63	1/4	1/4	2/2	1	1	1/8		1/8	1		1	79	1164
63	63	3/8	3/8	2/2	1	1	1/8		1/8	1		-3	75	1165
63	63	7/16	7/16	2/2	3	1	1/16		1/16	1		0	60	1176
63	63	7/16	7/16	2/2	2	1	1/16		1/16	1		-3	63	1169
63	63	1/2	1/2	2/2	3	1	1/8		1/8	1		5	59	1177
63	63	1/2	1/2	2/2	2	1	1/8		1/8	1		2	62	1170
63	63	1/2	1/2	2/2	1	1	1/4		1/4	1		2	74	1166
63	63	5/8	5/8	2/2	3	1	1/8		1/8	1		5	59	1178
63	63	5/8	5/8	2/2	2	1	1/8		1/8	1		2	62	1171
63	63	3/4	3/4	2/2	3	1	1/8		1/8	1		0	60	1179
63	63	3/4	3/4	2/2	2	1	1/8		1/8	1		-3	63	1172
63	63	7/8	7/8	2/2	3	1	1/8		1/8	1		2	62	1180
63	63	7/8	7/8	2/2	2	1	1/8		1/8	1		-1	65	1173
64	64	0	0	2/2	2	1	0	appoggiatura	1/8	1		-3	63	1186
64	64	0	0	2/2	4	1	1/4		1/4	1		0	36	1192
64	64	0	0	2/2	3	1	1/4		1/4	1		0	60	1191
64	64	0	0	2/2	2	1	1/4		1/4	1		0	72	1187
64	64	0	0	2/2	1	1	1/4		1/4	1		-3	75	1182
64	64	1/4	1/4	2/2	2	1	3/16		1/8	3/2		0	72	1188
64	64	1/4	1/4	2/2	1	1	3/16		1/8	3/2		-3	75	1183
64	64	7/16	7/16	2/2	2	1	1/16		1/16	1		0	72	1189
64	64	7/16	7/16	2/2	1	1	1/16		1/16	1		-3	75	1184
64	64	1/2	1/2	2/2	2	1	1/2		1/2	1		0	72	1190
64	64	1/2	1/2	2/2	1	1	1/2		1/2	1		-3	75	1185
64	64	5/8	5/8	2/2	4	1	1/16		1/16	1		-3	63	1193
64	64	11/16	11/16	2/2	4	1	1/16		1/16	1		2	62	1194
64	64	3/4	3/4	2/2	4	1	1/8		1/8	1		0	60	1195
64	64	7/8	7/8	2/2	4	1	1/8		1/8	1		-2	58	1196
65	65	0	0	2/2	4	1	1/4		1/4	1		3	57	1209
65	65	0	0	2/2	3	1	1/4		1/4	1		0	72	1205
65	65	0	0	2/2	2	1	1/4		1/4	1		-3	75	1201
65	65	0	0	2/2	1	1	1/4		1/4	1		6	78	1197
65	65	1/4	1/4	2/2	3	1	3/16		1/8	3/2		0	72	1206
65	65	1/4	1/4	2/2	2	1	3/16		1/8	3/2		-3	75	1202
65	65	1/4	1/4	2/2	1	1	3/16		1/8	3/2		6	78	1198
65	65	7/16	7/16	2/2	3	1	1/16		1/16	1		0	72	1207
65	65	7/16	7/16	2/2	2	1	1/16		1/16	1		-3	75	1203
65	65	7/16	7/16	2/2	1	1	1/16		1/16	1		6	78	1199
65	65	1/2	1/2	2/2	3	1	1/2		1/2	1		0	72	1208
65	65	1/2	1/2	2/2	2	1	1/2		1/2	1		-3	75	1204
65	65	1/2	1/2	2/2	1	1	1/2		1/2	1		6	78	1200
65	65	5/8	5/8	2/2	4	1	1/16		1/16	1		0	60	1210
65	65	11/16	11/16	2/2	4	1	1/16		1/16	1		-2	58	1211
65	65	3/4	3/4	2/2	4	1	1/8		1/8	1		3	57	1212
65	65	7/8	7/8	2/2	4	1	1/8		1/8	1		1	55	1213
66	66	0	0	2/2	4	1	1/4		1/4	1		6	54	1226
66	66	0	0	2/2	3	1	1/4		1/4	1		2	62	1222
66	66	0	0	2/2	2	1	1/4		1/4	1		3	81	1218
66	66	0	0	2/2	1	1	1/4		1/4	1		0	84	1214
66	66	1/4	1/4	2/2	3	1	3/16		1/8	3/2		2	62	1223
66	66	1/4	1/4	2/2	2	1	3/16		1/8	3/2		3	81	1219
66	66	1/4	1/4	2/2	1	1	3/16		1/8	3/2		0	84	1215
66	66	7/16	7/16	2/2	3	1	1/16		1/16	1		2	62	1224
66	66	7/16	7/16	2/2	2	1	1/16		1/16	1		3	81	1220
66	66	7/16	7/16	2/2	1	1	1/16		1/16	1		0	84	1216
66	66	1/2	1/2	2/2	3	1	1/2		1/2	1		2	62	1225
66	66	1/2	1/2	2/2	2	1	1/2		1/2	1		3	81	1221
66	66	1/2	1/2	2/2	1	1	1/2		1/2	1	1	0	84	1217
66	66	5/8	5/8	2/2	4	1	1/16		1/16	1		3	57	1227
66	66	11/16	11/16	2/2	4	1	1/16		1/16	1		1	55	1228
66	66	3/4	3/4	2/2	4	1	1/8		1/8	1		6	54	1229
66	66	7/8	7/8	2/2	4	1	1/8		1/8	1		2	50	1230
67	67	0	0	2/2	4	1	1/4		1/4	1		1	55	1244
67	67	0	0	2/2	3	1	1/4		1/4	1		2	62	1240
67	67	0	0	2/2	2	1	1/4		1/4	1		1	79	1236
67	67	0	0	2/2	1	1	1/8		1/8	1	-1	0	84	1231
67	67	1/8	1/8	2/2	1	1	1/4		1/4	1		-2	82	1232
67	67	1/4	1/4	2/2	4	1	1/4		1/4	1		0	48	1245
67	67	1/4	1/4	2/2	3	1	1/4		1/4	1		0	60	1241
67	67	1/4	1/4	2/2	2	1	1/4		1/4	1		-3	75	1237
67	67	3/8	3/8	2/2	1	1	1/4		1/4	1		3	81	1233
67	67	1/2	1/2	2/2	4	1	1/4		1/4	1		2	50	1246
67	67	1/2	1/2	2/2	3	1	1/4		1/4	1		-2	58	1242
67	67	1/2	1/2	2/2	2	1	1/4		1/4	1		2	74	1238
67	67	5/8	5/8	2/2	1	1	1/4		1/4	1		1	79	1234
67	67	3/4	3/4	2/2	4	1	1/4		1/4	1		2	50	1247
67	67	3/4	3/4	2/2	3	1	1/4		1/4	1		3	57	1243
67	67	3/4	3/4	2/2	2	1	1/4		1/4	1		0	72	1239
67	67	7/8	7/8	2/2	1	1	1/8		1/8	1		6	78	1235
68	68	0	0	2/2	4	1	1/2		1/2	1		-3	51	1254
68	68	0	0	2/2	3	1	1/2		1/2	1		3	57	1252
68	68	0	0	2/2	2	1	1/2		1/2	1		0	72	1250
68	68	0	0	2/2	1	1	1/2		1/2	1		6	78	1248
68	68	1/2	1/2	2/2	4	1	1/4		1/4	1		-3	51	1255
68	68	1/2	1/2	2/2	3	1	1/4		1/4	1		1	55	1253
68	68	1/2	1/2	2/2	2	1	1/4		1/4	1		-2	70	1251
68	68	1/2	1/2	2/2	1	1	1/4		1/4	1		1	79	1249
69	69	0	0	2/2	2	1	1/4		1/4	1		0	72	1260
69	69	0	0	2/2	1	1	1/4		1/4	1		-3	75	1256
69	69	1/4	1/4	2/2	2	1	3/16		1/8	3/2		0	72	1261
69	69	1/4	1/4	2/2	1	1	3/16		1/8	3/2		-3	75	1257
69	69	7/16	7/16	2/2	2	1	1/16		1/16	1		0	72	1262
69	69	7/16	7/16	2/2	1	1	1/16		1/16	1		-3	75	1258
69	69	1/2	1/2	2/2	2	1	1/2		1/2	1		0	72	1263
69	69	1/2	1/2	2/2	1	1	1/2		1/2	1		-3	75	1259
69	69	5/8	5/8	2/2	4	1	1/16		1/16	1		-3	63	1264
69	69	11/16	11/16	2/2	4	1	1/16		1/16	1		2	62	1265
69	69	3/4	3/4	2/2	4	1	1/8		1/8	1		0	60	1266
69	69	7/8	7/8	2/2	4	1	1/8		1/8	1		-2	58	1267
70	70	0	0	2/2	4	1	1/4		1/4	1		3	57	1280
70	70	0	0	2/2	3	1	1/4		1/4	1		0	72	1276
70	70	0	0	2/2	2	1	1/4		1/4	1		-3	75	1272
70	70	0	0	2/2	1	1	1/4		1/4	1		6	78	1268
70	70	1/4	1/4	2/2	3	1	3/16		1/8	3/2		0	72	1277
70	70	1/4	1/4	2/2	2	1	3/16		1/8	3/2		-3	75	1273
70	70	1/4	1/4	2/2	1	1	3/16		1/8	3/2		6	78	1269
70	70	7/16	7/16	2/2	3	1	1/16		1/16	1		0	72	1278
70	70	7/16	7/16	2/2	2	1	1/16		1/16	1		-3	75	1274
70	70	7/16	7/16	2/2	1	1	1/16		1/16	1		6	78	1270
70	70	1/2	1/2	2/2	3	1	1/2		1/2	1		0	72	1279
70	70	1/2	1/2	2/2	2	1	1/2		1/2	1		-3	75	1275
70	70	1/2	1/2	2/2	1	1	1/2		1/2	1		6	78	1271
70	70	5/8	5/8	2/2	4	1	1/16		1/16	1		0	60	1281
70	70	11/16	11/16	2/2	4	1	1/16		1/16	1		-2	58	1282
70	70	3/4	3/4	2/2	4	1	1/8		1/8	1		3	57	1283
70	70	7/8	7/8	2/2	4	1	1/8		1/8	1		1	55	1284
71	71	0	0	2/2	4	1	1/4		1/4	1		6	54	1297
71	71	0	0	2/2	3	1	1/4		1/4	1		2	62	1293
71	71	0	0	2/2	2	1	1/4		1/4	1		3	81	1289
71	71	0	0	2/2	1	1	1/4		1/4	1		0	84	1285
71	71	1/4	1/4	2/2	3	1	3/16		1/8	3/2		2	62	1294
71	71	1/4	1/4	2/2	2	1	3/16		1/8	3/2		3	81	1290
71	71	1/4	1/4	2/2	1	1	3/16		1/8	3/2		0	84	1286
71	71	7/16	7/16	2/2	3	1	1/16		1/16	1		2	62	1295
71	71	7/16	7/16	2/2	2	1	1/16		1/16	1		3	81	1291
71	71	7/16	7/16	2/2	1	1	1/16		1/16	1		0	84	1287
71	71	1/2	1/2	2/2	3	1	1/2		1/2	1		2	62	1296
71	71	1/2	1/2	2/2	2	1	1/2		1/2	1		3	81	1292
71	71	1/2	1/2	2/2	1	1	1/2		1/2	1		0	84	1288
71	71	5/8	5/8	2/2	4	1	1/16		1/16	1		3	57	1298
71	71	11/16	11/16	2/2	4	1	1/16		1/16	1		1	55	1299
71	71	3/4	3/4	2/2	4	1	1/8		1/8	1		6	54	1300
71	71	7/8	7/8	2/2	4	1	1/8		1/8	1		2	50	1301
72	72	0	0	2/2	4	1	1/2		1/2	1		-3	51	1316
72	72	0	0	2/2	3	1	1/2		1/2	1		-3	63	1314
72	72	0	0	2/2	2	1	1/4		1/4	1		1	79	1308
72	72	0	0	2/2	1	1	1/4		1/4	1		-2	82	1302
72	72	1/4	1/4	2/2	2	1	3/16		1/8	3/2		1	79	1309
72	72	1/4	1/4	2/2	1	1	3/16		1/8	3/2		-2	82	1303
72	72	7/16	7/16	2/2	2	1	1/16		1/16	1		1	79	1310
72	72	7/16	7/16	2/2	1	1	1/16		1/16	1		-2	82	1304
72	72	1/2	1/2	2/2	4	1	1/2		1/2	1		-2	46	1317
72	72	1/2	1/2	2/2	3	1	1/2		1/2	1		-1	65	1315
72	72	1/2	1/2	2/2	2	1	1/4		1/4	1		2	74	1311
72	72	1/2	1/2	2/2	1	1	1/4		1/4	1		-4	80	1305
72	72	3/4	3/4	2/2	2	1	3/16		1/8	3/2		2	74	1312
72	72	3/4	3/4	2/2	1	1	3/16		1/8	3/2		-4	80	1306
72	72	15/16	15/16	2/2	2	1	1/16		1/16	1		2	74	1313
72	72	15/16	15/16	2/2	1	1	1/16		1/16	1		-4	80	1307
73	73	0	0	2/2	4	1	1/2		1/2	1		0	48	1331
73	73	0	0	2/2	3	1	1/2		1/2	1		-3	63	1329
73	73	0	0	2/2	2	1	1/2		1/2	1		-3	75	1327
73	73	0	0	2/2	1	1	1/2		1/2	1		1	79	1318
73	73	1/2	1/2	2/2	4	1	1/2		1/2	1		-4	44	1332
73	73	1/2	1/2	2/2	3	1	1/2		1/2	1		-4	56	1330
73	73	1/2	1/2	2/2	2	1	1/2		1/2	1		0	72	1328
73	73	1/2	1/2	2/2	1	1	1/16		1/16	1		-1	77	1319
73	73	9/16	9/16	2/2	1	1	1/16		1/16	1		1	79	1320
73	73	5/8	5/8	2/2	1	1	1/16		1/16	1		-4	80	1321
73	73	11/16	11/16	2/2	1	1	1/16		1/16	1		-2	82	1322
73	73	3/4	3/4	2/2	1	1	1/16		1/16	1		5	83	1323
73	73	13/16	13/16	2/2	1	1	1/16		1/16	1		0	84	1324
73	73	7/8	7/8	2/2	1	1	1/16		1/16	1		-4	80	1325
73	73	15/16	15/16	2/2	1	1	1/16		1/16	1		-1	77	1326
74	74	0	0	2/2	1	1	0	appoggiatura	1/8	1		-1	77	1333
74	74	0	0	2/2	4	1	1/2		1/2	1		-2	46	1344
74	74	0	0	2/2	3	1	1/4		1/4	1		1	55	1341
74	74	0	0	2/2	2	1	1/4		1/4	1		-2	70	1338
74	74	0	0	2/2	1	1	1/4		1/4	1		-3	75	1334
74	74	1/4	1/4	2/2	3	1	1/2		1/2	1		1	55	1342
74	74	1/4	1/4	2/2	2	1	1/2		1/2	1		-3	63	1339
74	74	1/4	1/4	2/2	1	1	1/2		1/2	1		-3	75	1335
74	74	1/2	1/2	2/2	4	1	1/2		1/2	1		-2	46	1345
74	74	3/4	3/4	2/2	1	1	0	appoggiatura	1/8	1		1	79	1336
74	74	3/4	3/4	2/2	3	1	1/4		1/4	1		-4	56	1343
74	74	3/4	3/4	2/2	2	1	1/4		1/4	1		2	62	1340
74	74	3/4	3/4	2/2	1	1	1/4		1/4	1		-1	77	1337
75	75	0	0	2/2	4	1	1/4		1/4	1		-3	51	1354
75	75	0	0	2/2	3	1	1/4		1/4	1		1	55	1348
75	75	0	0	2/2	2	1	1/4		1/4	1		-3	63	1347
75	75	0	0	2/2	1	1	1/4		1/4	1		-3	75	1346
75	75	1/4	1/4	2/2	4	1	3/16		1/8	3/2		-3	39	1355
75	75	1/4	1/4	2/2	3	1	3/16		1/8	3/2		-3	63	1349
75	75	7/16	7/16	2/2	4	1	1/16		1/16	1		-3	39	1356
75	75	7/16	7/16	2/2	3	1	1/16		1/16	1		-3	63	1350
75	75	1/2	1/2	2/2	4	1	1/4		1/4	1		2	38	1357
75	75	1/2	1/2	2/2	3	1	1/4		1/4	1		2	62	1351
75	75	3/4	3/4	2/2	4	1	3/16		1/8	3/2		2	38	1358
75	75	3/4	3/4	2/2	3	1	3/16		1/8	3/2		2	62	1352
75	75	15/16	15/16	2/2	4	1	1/16		1/16	1		2	38	1359
75	75	15/16	15/16	2/2	3	1	1/16		1/16	1		2	62	1353
76	76	0	0	2/2	4	1	1/2		1/2	1		7	37	1368
76	76	0	0	2/2	3	1	1/2		1/2	1		7	61	1366
76	76	1/4	1/4	2/2	2	1	3/16		1/8	3/2		-2	70	1363
76	76	1/4	1/4	2/2	1	1	3/16		1/8	3/2		1	79	1360
76	76	7/16	7/16	2/2	2	1	1/16		1/16	1		-2	70	1364
76	76	7/16	7/16	2/2	1	1	1/16		1/16	1		1	79	1361
76	76	1/2	1/2	2/2	2	1	1/4		1/4	1		-2	70	1365
76	76	1/2	1/2	2/2	1	1	1/4		1/4	1		1	79	1362
76	76	3/4	3/4	2/2	4	1	1/4		1/4	1		7	37	1369
76	76	3/4	3/4	2/2	3	1	1/4		1/4	1		7	61	1367
77	77	0	0	2/2	4	1	1/2		1/2	1		2	38	1375
77	77	0	0	2/2	3	1	1/2		1/2	1		2	62	1374
77	77	1/4	1/4	2/2	2	1	1/2		1/2	1		-2	70	1372
77	77	1/4	1/4	2/2	1	1	1/2		1/2	1		2	74	1370
77	77	3/4	3/4	2/2	2	1	1/4		1/4	1		0	72	1373
77	77	3/4	3/4	2/2	1	1	1/4		1/4	1		-3	75	1371
78	78	0	0	2/2	2	1	1/8		1/8	1		-2	70	1380
78	78	0	0	2/2	1	1	1/8		1/8	1		2	74	1376
78	78	1/8	1/8	2/2	2	1	1/8		1/8	1		3	69	1381
78	78	1/8	1/8	2/2	1	1	1/8		1/8	1		0	72	1377
78	78	1/4	1/4	2/2	3	1	1/2		1/2	1		-3	63	1384
78	78	1/4	1/4	2/2	2	1	1/2		1/2	1		3	69	1382
78	78	1/4	1/4	2/2	1	1	1/2		1/2	1		0	72	1378
78	78	3/4	3/4	2/2	3	1	1/8		1/8	1		3	69	1385
78	78	3/4	3/4	2/2	2	1	1/4		1/4	1		3	69	1383
78	78	3/4	3/4	2/2	1	1	1/4		1/4	1		0	72	1379
78	78	7/8	7/8	2/2	3	1	1/8		1/8	1		1	67	1386
79	79	0	0	2/2	3	1	1/2		1/2	1		6	66	1397
79	79	0	0	2/2	2	1	1/8		1/8	1		3	69	1392
79	79	0	0	2/2	1	1	1/8		1/8	1		0	72	1387
79	79	1/8	1/8	2/2	2	1	1/8		1/8	1		0	72	1393
79	79	1/8	1/8	2/2	1	1	1/8		1/8	1		-3	75	1388
79	79	1/4	1/4	2/2	2	1	1/2		1/2	1		0	72	1394
79	79	1/4	1/4	2/2	1	1	1/2		1/2	1		-3	75	1389
79	79	3/4	3/4	2/2	4	1	1/4		1/4	1		2	50	1399
79	79	3/4	3/4	2/2	3	1	1/4		1/4	1		2	62	1398
79	79	3/4	3/4	2/2	2	1	1/8		1/8	1		-2	70	1395
79	79	3/4	3/4	2/2	1	1	1/8		1/8	1		2	74	1390
79	79	7/8	7/8	2/2	2	1	1/8		1/8	1		3	69	1396
79	79	7/8	7/8	2/2	1	1	1/8		1/8	1		0	72	1391
80	80	0	0	2/2	4	1	1/4		1/4	1		1	55	1412
80	80	0	0	2/2	2	1	1/4		1/4	1		1	67	1404
80	80	0	0	2/2	3	1	1/4		1/4	1		1	67	1408
80	80	0	0	2/2	1	1	1/4		1/4	1		-2	70	1400
80	80	1/4	1/4	2/2	4	1	1/4		1/4	1		-1	53	1413
80	80	1/4	1/4	2/2	3	1	1/4		1/4	1		2	62	1409
80	80	1/4	1/4	2/2	2	1	1/4		1/4	1		-4	68	1405
80	80	1/4	1/4	2/2	1	1	1/4		1/4	1		5	71	1401
80	80	1/2	1/2	2/2	4	1	1/4		1/4	1		-3	51	1414
80	80	1/2	1/2	2/2	3	1	1/4		1/4	1		-3	63	1410
80	80	1/2	1/2	2/2	2	1	1/4		1/4	1		1	67	1406
80	80	1/2	1/2	2/2	1	1	1/4		1/4	1		0	72	1402
80	80	3/4	3/4	2/2	4	1	1/4		1/4	1		2	50	1415
80	80	3/4	3/4	2/2	3	1	1/4		1/4	1		5	59	1411
80	80	3/4	3/4	2/2	2	1	1/4		1/4	1		-1	65	1407
80	80	3/4	3/4	2/2	1	1	1/4		1/4	1		2	74	1403
81	81	0	0	2/2	4	1	1		1	1	1	0	48	1430
81	81	0	0	2/2	2	1	1		1	1		1	55	1428
81	81	0	0	2/2	3	1	1		1	1		0	60	1429
81	81	0	0	2/2	2	1	1		1	1		-3	63	1428
81	81	0	0	2/2	1	1	1/12		1/8	2/3		-3	75	1416
81	81	1/12	1/12	2/2	1	1	1/12		1/8	2/3		1	55	1417
81	81	1/6	1/6	2/2	1	1	1/12		1/8	2/3		0	60	1418
81	81	1/4	1/4	2/2	1	1	1/12		1/8	2/3		-3	63	1419
81	81	1/3	1/3	2/2	1	1	1/12		1/8	2/3		1	67	1420
81	81	5/12	5/12	2/2	1	1	1/12		1/8	2/3		0	72	1421
81	81	1/2	1/2	2/2	1	1	1/12		1/8	2/3		-3	75	1422
81	81	7/12	7/12	2/2	1	1	1/12		1/8	2/3		1	79	1423
81	81	2/3	2/3	2/2	1	1	1/12		1/8	2/3		1	79	1424
81	81	3/4	3/4	2/2	1	1	1/12		1/8	2/3		1	79	1425
81	81	5/6	5/6	2/2	1	1	1/12		1/8	2/3		1	79	1426
81	81	11/12	11/12	2/2	1	1	1/12		1/8	2/3		1	79	1427
82	82	0	0	2/2	4	1	1		1	1	-1	0	48	1445
82	82	0	0	2/2	2	1	1		1	1		3	57	1443
82	82	0	0	2/2	3	1	1		1	1		-3	63	1444
82	82	0	0	2/2	2	1	1		1	1		6	66	1443
82	82	0	0	2/2	1	1	1/12		1/8	2/3		6	78	1431
82	82	1/12	1/12	2/2	1	1	1/12		1/8	2/3		3	57	1432
82	82	1/6	1/6	2/2	1	1	1/12		1/8	2/3		0	60	1433
82	82	1/4	1/4	2/2	1	1	1/12		1/8	2/3		-3	63	1434
82	82	1/3	1/3	2/2	1	1	1/12		1/8	2/3		6	66	1435
82	82	5/12	5/12	2/2	1	1	1/12		1/8	2/3		3	69	1436
82	82	1/2	1/2	2/2	1	1	1/12		1/8	2/3		0	72	1437
82	82	7/12	7/12	2/2	1	1	1/12		1/8	2/3		-3	75	1438
82	82	2/3	2/3	2/2	1	1	1/12		1/8	2/3		6	78	1439
82	82	3/4	3/4	2/2	1	1	1/12		1/8	2/3		3	81	1440
82	82	5/6	5/6	2/2	1	1	1/12		1/8	2/3		3	81	1441
82	82	11/12	11/12	2/2	1	1	1/12		1/8	2/3		3	81	1442
83	83	0	0	2/2	4	1	1/4		1/4	1		-2	46	1460
83	83	0	0	2/2	2	1	1/4		1/4	1		1	55	1456
83	83	0	0	2/2	3	1	1/4		1/4	1		2	62	1458
83	83	0	0	2/2	2	1	1/4		1/4	1		1	67	1456
83	83	1/12	1/12	2/2	1	1	1/12		1/8	2/3		6	78	1446
83	83	1/6	1/6	2/2	1	1	1/12		1/8	2/3		1	79	1447
83	83	1/4	1/4	2/2	1	1	1/12		1/8	2/3		2	74	1448
83	83	1/3	1/3	2/2	1	1	1/12		1/8	2/3		1	79	1449
83	83	5/12	5/12	2/2	1	1	1/12		1/8	2/3		-2	82	1450
83	83	1/2	1/2	2/2	4	1	1/4		1/4	1		6	54	1461
83	83	1/2	1/2	2/2	3	1	1/4		1/4	1		2	62	1459
83	83	1/2	1/2	2/2	2	1	1/4		1/4	1		3	69	1457
83	83	7/12	7/12	2/2	1	1	1/12		1/8	2/3		8	80	1451
83	83	2/3	2/3	2/2	1	1	1/12		1/8	2/3		3	81	1452
83	83	3/4	3/4	2/2	1	1	1/12		1/8	2/3		2	74	1453
83	83	5/6	5/6	2/2	1	1	1/12		1/8	2/3		3	81	1454
83	83	11/12	11/12	2/2	1	1	1/12		1/8	2/3		0	84	1455
84	84	0	0	2/2	4	1	1/4		1/4	1		1	55	1475
84	84	0	0	2/2	3	1	1/4		1/4	1		2	62	1474
84	84	0	0	2/2	2	1	1/4		1/4	1		-2	70	1473
84	84	1/12	1/12	2/2	1	1	1/12		1/8	2/3		3	81	1462
84	84	1/6	1/6	2/2	1	1	1/12		1/8	2/3		-2	82	1463
84	84	1/4	1/4	2/2	1	1	1/12		1/8	2/3		2	86	1464
84	84	1/3	1/3	2/2	1	1	1/12		1/8	2/3		6	78	1465
84	84	5/12	5/12	2/2	1	1	1/12		1/8	2/3		1	79	1466
84	84	1/2	1/2	2/2	1	1	1/12		1/8	2/3		-2	82	1467
84	84	7/12	7/12	2/2	1	1	1/12		1/8	2/3		2	74	1468
84	84	2/3	2/3	2/2	1	1	1/12		1/8	2/3		-3	75	1469
84	84	3/4	3/4	2/2	1	1	1/12		1/8	2/3		1	79	1470
84	84	5/6	5/6	2/2	1	1	1/12		1/8	2/3		-3	75	1471
84	84	11/12	11/12	2/2	1	1	1/12		1/8	2/3		2	74	1472
85	85	0	0	2/2	4	1	1/4		1/4	1		1	55	1492
85	85	0	0	2/2	3	1	1/4		1/4	1		7	61	1490
85	85	0	0	2/2	2	1	1/4		1/4	1		4	64	1488
85	85	0	0	2/2	1	1	1/12		1/8	2/3		7	73	1476
85	85	1/12	1/12	2/2	1	1	1/12		1/8	2/3		4	76	1477
85	85	1/6	1/6	2/2	1	1	1/12		1/8	2/3		-2	70	1478
85	85	1/4	1/4	2/2	1	1	1/12		1/8	2/3		3	69	1479
85	85	1/3	1/3	2/2	1	1	1/12		1/8	2/3		3	81	1480
85	85	5/12	5/12	2/2	1	1	1/12		1/8	2/3		2	74	1481
85	85	1/2	1/2	2/2	4	1	1/4		1/4	1		1	55	1493
85	85	1/2	1/2	2/2	3	1	1/4		1/4	1		7	61	1491
85	85	1/2	1/2	2/2	2	1	1/4		1/4	1		4	64	1489
85	85	1/2	1/2	2/2	1	1	1/12		1/8	2/3		7	73	1482
85	85	7/12	7/12	2/2	1	1	1/12		1/8	2/3		4	76	1483
85	85	2/3	2/3	2/2	1	1	1/12		1/8	2/3		-2	70	1484
85	85	3/4	3/4	2/2	1	1	1/12		1/8	2/3		3	69	1485
85	85	5/6	5/6	2/2	1	1	1/12		1/8	2/3		3	81	1486
85	85	11/12	11/12	2/2	1	1	1/12		1/8	2/3		7	73	1487
86	86	0	0	2/2	4	1	1/4		1/4	1		6	54	1507
86	86	0	0	2/2	3	1	1/4		1/4	1		3	57	1506
86	86	0	0	2/2	2	1	1/4		1/4	1		2	62	1505
86	86	1/12	1/12	2/2	1	1	1/12		1/8	2/3		7	73	1494
86	86	1/6	1/6	2/2	1	1	1/12		1/8	2/3		2	74	1495
86	86	1/4	1/4	2/2	1	1	1/12		1/8	2/3		4	76	1496
86	86	1/3	1/3	2/2	1	1	1/12		1/8	2/3		6	78	1497
86	86	5/12	5/12	2/2	1	1	1/12		1/8	2/3		1	79	1498
86	86	1/2	1/2	2/2	1	1	1/12		1/8	2/3		8	80	1499
86	86	7/12	7/12	2/2	1	1	1/12		1/8	2/3		3	81	1500
86	86	2/3	2/3	2/2	1	1	1/12		1/8	2/3		6	78	1501
86	86	3/4	3/4	2/2	1	1	1/12		1/8	2/3		2	74	1502
86	86	5/6	5/6	2/2	1	1	1/12		1/8	2/3		-3	75	1503
86	86	11/12	11/12	2/2	1	1	1/12		1/8	2/3		0	72	1504
87	87	0	0	2/2	4	1	1/4		1/4	1		-1	53	1524
87	87	0	0	2/2	3	1	1/4		1/4	1		5	59	1522
87	87	0	0	2/2	2	1	1/4		1/4	1		2	62	1520
87	87	0	0	2/2	1	1	1/12		1/8	2/3		5	71	1508
87	87	1/12	1/12	2/2	1	1	1/12		1/8	2/3		2	74	1509
87	87	1/6	1/6	2/2	1	1	1/12		1/8	2/3		-4	68	1510
87	87	1/4	1/4	2/2	1	1	1/12		1/8	2/3		1	67	1511
87	87	1/3	1/3	2/2	1	1	1/12		1/8	2/3		1	79	1512
87	87	5/12	5/12	2/2	1	1	1/12		1/8	2/3		0	72	1513
87	87	1/2	1/2	2/2	4	1	1/4		1/4	1		-1	53	1525
87	87	1/2	1/2	2/2	3	1	1/4		1/4	1		5	59	1523
87	87	1/2	1/2	2/2	2	1	1/4		1/4	1		2	62	1521
87	87	1/2	1/2	2/2	1	1	1/12		1/8	2/3		5	71	1514
87	87	7/12	7/12	2/2	1	1	1/12		1/8	2/3		2	74	1515
87	87	2/3	2/3	2/2	1	1	1/12		1/8	2/3		-4	68	1516
87	87	3/4	3/4	2/2	1	1	1/12		1/8	2/3		1	67	1517
87	87	5/6	5/6	2/2	1	1	1/12		1/8	2/3		1	79	1518
87	87	11/12	11/12	2/2	1	1	1/12		1/8	2/3		5	71	1519
88	88	0	0	2/2	4	1	1/4		1/4	1		-3	51	1539
88	88	0	0	2/2	3	1	1/4		1/4	1		1	55	1538
88	88	0	0	2/2	2	1	1/4		1/4	1		0	60	1537
88	88	1/12	1/12	2/2	1	1	1/12		1/8	2/3		5	71	1526
88	88	1/6	1/6	2/2	1	1	1/12		1/8	2/3		0	72	1527
88	88	1/4	1/4	2/2	1	1	1/12		1/8	2/3		2	74	1528
88	88	1/3	1/3	2/2	1	1	1/12		1/8	2/3		5	71	1529
88	88	5/12	5/12	2/2	1	1	1/12		1/8	2/3		0	72	1530
88	88	1/2	1/2	2/2	1	1	1/12		1/8	2/3		-3	75	1531
88	88	7/12	7/12	2/2	1	1	1/12		1/8	2/3		2	74	1532
88	88	2/3	2/3	2/2	1	1	1/12		1/8	2/3		0	72	1533
88	88	3/4	3/4	2/2	1	1	1/12		1/8	2/3		-2	70	1534
88	88	5/6	5/6	2/2	1	1	1/12		1/8	2/3		3	69	1535
88	88	11/12	11/12	2/2	1	1	1/12		1/8	2/3		1	67	1536
89	89	0	0	2/2	4	1	1/4		1/4	1		2	50	1556
89	89	0	0	2/2	3	1	1/4		1/4	1		3	57	1554
89	89	0	0	2/2	2	1	1/4		1/4	1		0	60	1552
89	89	0	0	2/2	1	1	1/12		1/8	2/3		6	66	1540
89	89	1/12	1/12	2/2	1	1	1/12		1/8	2/3		3	69	1541
89	89	1/6	1/6	2/2	1	1	1/12		1/8	2/3		-3	63	1542
89	89	1/4	1/4	2/2	1	1	1/12		1/8	2/3		2	62	1543
89	89	1/3	1/3	2/2	1	1	1/12		1/8	2/3		2	74	1544
89	89	5/12	5/12	2/2	1	1	1/12		1/8	2/3		1	67	1545
89	89	1/2	1/2	2/2	4	1	1/4		1/4	1		2	50	1557
89	89	1/2	1/2	2/2	3	1	1/4		1/4	1		3	57	1555
89	89	1/2	1/2	2/2	2	1	1/4		1/4	1		0	60	1553
89	89	1/2	1/2	2/2	1	1	1/12		1/8	2/3		6	66	1546
89	89	7/12	7/12	2/2	1	1	1/12		1/8	2/3		3	69	1547
89	89	2/3	2/3	2/2	1	1	1/12		1/8	2/3		-3	63	1548
89	89	3/4	3/4	2/2	1	1	1/12		1/8	2/3		2	62	1549
89	89	5/6	5/6	2/2	1	1	1/12		1/8	2/3		2	74	1550
89	89	11/12	11/12	2/2	1	1	1/12		1/8	2/3		3	69	1551
90	90	0	0	2/2	4	1	1		1	1		1	43	1572
90	90	0	0	2/2	3	1	1		1	1		-2	58	1571
90	90	0	0	2/2	2	1	1		1	1		2	62	1570
90	90	0	0	2/2	1	1	1/12		1/8	2/3		-2	70	1558
90	90	1/12	1/12	2/2	1	1	1/12		1/8	2/3		1	55	1559
90	90	1/6	1/6	2/2	1	1	1/12		1/8	2/3		-2	58	1560
90	90	1/4	1/4	2/2	1	1	1/12		1/8	2/3		2	62	1561
90	90	1/3	1/3	2/2	1	1	1/12		1/8	2/3		1	67	1562
90	90	5/12	5/12	2/2	1	1	1/12		1/8	2/3		-2	70	1563
90	90	1/2	1/2	2/2	1	1	1/12		1/8	2/3		2	74	1564
90	90	7/12	7/12	2/2	1	1	1/12		1/8	2/3		-2	70	1565
90	90	2/3	2/3	2/2	1	1	1/12		1/8	2/3		1	67	1566
90	90	3/4	3/4	2/2	1	1	1/12		1/8	2/3		-2	70	1567
90	90	5/6	5/6	2/2	1	1	1/12		1/8	2/3		1	67	1568
90	90	11/12	11/12	2/2	1	1	1/12		1/8	2/3		2	62	1569
91	91	0	0	2/2	4	1	1		1	1		-3	39	1586
91	91	0	0	2/2	2	1	1		1	1		1	55	1584
91	91	0	0	2/2	3	1	1		1	1		-2	58	1585
91	91	0	0	2/2	2	1	1		1	1		-3	63	1584
91	91	1/12	1/12	2/2	1	1	1/12		1/8	2/3		1	55	1573
91	91	1/6	1/6	2/2	1	1	1/12		1/8	2/3		-2	58	1574
91	91	1/4	1/4	2/2	1	1	1/12		1/8	2/3		-3	63	1575
91	91	1/3	1/3	2/2	1	1	1/12		1/8	2/3		1	67	1576
91	91	5/12	5/12	2/2	1	1	1/12		1/8	2/3		-2	70	1577
91	91	1/2	1/2	2/2	1	1	1/12		1/8	2/3		-3	75	1578
91	91	7/12	7/12	2/2	1	1	1/12		1/8	2/3		-2	70	1579
91	91	2/3	2/3	2/2	1	1	1/12		1/8	2/3		1	67	1580
91	91	3/4	3/4	2/2	1	1	1/12		1/8	2/3		-2	70	1581
91	91	5/6	5/6	2/2	1	1	1/12		1/8	2/3		1	67	1582
91	91	11/12	11/12	2/2	1	1	1/12		1/8	2/3		-3	63	1583
92	92	0	0	2/2	4	1	1		1	1		7	37	1600
92	92	0	0	2/2	2	1	1		1	1		1	55	1598
92	92	0	0	2/2	3	1	1		1	1		-2	58	1599
92	92	0	0	2/2	2	1	1		1	1		4	64	1598
92	92	1/12	1/12	2/2	1	1	1/12		1/8	2/3		1	55	1587
92	92	1/6	1/6	2/2	1	1	1/12		1/8	2/3		7	61	1588
92	92	1/4	1/4	2/2	1	1	1/12		1/8	2/3		4	64	1589
92	92	1/3	1/3	2/2	1	1	1/12		1/8	2/3		1	67	1590
92	92	5/12	5/12	2/2	1	1	1/12		1/8	2/3		-2	70	1591
92	92	1/2	1/2	2/2	1	1	1/12		1/8	2/3		4	76	1592
92	92	7/12	7/12	2/2	1	1	1/12		1/8	2/3		-2	70	1593
92	92	2/3	2/3	2/2	1	1	1/12		1/8	2/3		1	67	1594
92	92	3/4	3/4	2/2	1	1	1/12		1/8	2/3		-2	70	1595
92	92	5/6	5/6	2/2	1	1	1/12		1/8	2/3		1	67	1596
92	92	11/12	11/12	2/2	1	1	1/12		1/8	2/3		4	64	1597
93	93	0	0	2/2	4	1	1/4		1/4	1		2	38	1610
93	93	0	0	2/2	3	1	1/4		1/4	1		-2	58	1607
93	93	1/4	1/4	2/2	2	1	3/16		1/8	3/2		-2	70	1604
93	93	1/4	1/4	2/2	1	1	3/16		1/8	3/2		2	74	1601
93	93	7/16	7/16	2/2	2	1	1/16		1/16	1		-2	70	1605
93	93	7/16	7/16	2/2	1	1	1/16		1/16	1		2	74	1602
93	93	1/2	1/2	2/2	2	1	1/4		1/4	1		-2	70	1606
93	93	1/2	1/2	2/2	1	1	1/4		1/4	1		2	74	1603
93	93	3/4	3/4	2/2	4	1	3/16		1/8	3/2		2	50	1611
93	93	3/4	3/4	2/2	3	1	3/16		1/8	3/2		2	62	1608
93	93	15/16	15/16	2/2	4	1	1/16		1/16	1		2	50	1612
93	93	15/16	15/16	2/2	3	1	1/16		1/16	1		2	62	1609
94	94	0	0	2/2	4	1	1/4		1/4	1		2	50	1622
94	94	0	0	2/2	3	1	1/4		1/4	1		2	62	1619
94	94	1/4	1/4	2/2	2	1	3/16		1/8	3/2		0	60	1616
94	94	1/4	1/4	2/2	1	1	3/16		1/8	3/2		6	66	1613
94	94	7/16	7/16	2/2	2	1	1/16		1/16	1		0	60	1617
94	94	7/16	7/16	2/2	1	1	1/16		1/16	1		6	66	1614
94	94	1/2	1/2	2/2	2	1	1/4		1/4	1		0	60	1618
94	94	1/2	1/2	2/2	1	1	1/4		1/4	1		6	66	1615
94	94	3/4	3/4	2/2	4	1	3/16		1/8	3/2		2	50	1623
94	94	3/4	3/4	2/2	3	1	3/16		1/8	3/2		2	62	1620
94	94	15/16	15/16	2/2	4	1	1/16		1/16	1		2	50	1624
94	94	15/16	15/16	2/2	3	1	1/16		1/16	1		2	62	1621
95	95	0	0	2/2	4	1	1/4		1/4	1		1	43	1636
95	95	0	0	2/2	1	1	1/4		1/4	1		1	55	1625
95	95	0	0	2/2	3	1	1/4		1/4	1		1	55	1632
95	95	0	0	2/2	1	1	1/4		1/4	1		1	67	1625
95	95	1/4	1/4	2/2	1	1	3/16		1/8	3/2		1	55	1626
95	95	1/4	1/4	2/2	1	1	3/16		1/8	3/2		1	67	1626
95	95	7/16	7/16	2/2	1	1	1/16		1/16	1		1	55	1627
95	95	7/16	7/16	2/2	1	1	1/16		1/16	1		1	67	1627
95	95	1/2	1/2	2/2	1	1	1/2		1/2	1		1	55	1628
95	95	1/2	1/2	2/2	3	1	1/4		1/4	1		-2	58	1633
95	95	1/2	1/2	2/2	2	1	1/4		1/4	1		2	62	1629
95	95	1/2	1/2	2/2	1	1	1/2		1/2	1		1	67	1628
95	95	9/16	9/16	2/2	4	1	1/16		1/16	1		6	54	1637
95	95	5/8	5/8	2/2	4	1	1/16		1/16	1		1	55	1638
95	95	11/16	11/16	2/2	4	1	1/16		1/16	1		6	54	1639
95	95	3/4	3/4	2/2	4	1	1/16		1/16	1		1	55	1640
95	95	3/4	3/4	2/2	3	1	3/16		1/8	3/2		-2	58	1634
95	95	3/4	3/4	2/2	2	1	3/16		1/8	3/2		2	62	1630
95	95	13/16	13/16	2/2	4	1	1/16		1/16	1		2	50	1641
95	95	7/8	7/8	2/2	4	1	1/16		1/16	1		-2	46	1642
95	95	15/16	15/16	2/2	4	1	1/16		1/16	1		1	43	1643
95	95	15/16	15/16	2/2	3	1	1/16		1/16	1		-2	58	1635
95	95	15/16	15/16	2/2	2	1	1/16		1/16	1		2	62	1631
96	96	0	0	2/2	4	1	1/4		1/4	1		0	48	1656
96	96	0	0	2/2	1	1	1/4		1/4	1		1	55	1644
96	96	0	0	2/2	3	1	1/4		1/4	1		0	60	1652
96	96	0	0	2/2	2	1	1/4		1/4	1		-3	63	1648
96	96	0	0	2/2	1	1	1/4		1/4	1		1	67	1644
96	96	1/4	1/4	2/2	1	1	3/16		1/8	3/2		1	55	1645
96	96	1/4	1/4	2/2	1	1	3/16		1/8	3/2		1	67	1645
96	96	7/16	7/16	2/2	1	1	1/16		1/16	1		1	55	1646
96	96	7/16	7/16	2/2	1	1	1/16		1/16	1		1	67	1646
96	96	1/2	1/2	2/2	1	1	1/2		1/2	1		1	55	1647
96	96	1/2	1/2	2/2	3	1	1/4		1/4	1		0	60	1653
96	96	1/2	1/2	2/2	2	1	1/4		1/4	1		-3	63	1649
96	96	1/2	1/2	2/2	1	1	1/2		1/2	1		1	67	1647
96	96	9/16	9/16	2/2	4	1	1/16		1/16	1		6	54	1657
96	96	5/8	5/8	2/2	4	1	1/16		1/16	1		1	55	1658
96	96	11/16	11/16	2/2	4	1	1/16		1/16	1		6	54	1659
96	96	3/4	3/4	2/2	4	1	1/16		1/16	1		1	55	1660
96	96	3/4	3/4	2/2	3	1	3/16		1/8	3/2		0	60	1654
96	96	3/4	3/4	2/2	2	1	3/16		1/8	3/2		-3	63	1650
96	96	13/16	13/16	2/2	4	1	1/16		1/16	1		-3	51	1661
96	96	7/8	7/8	2/2	4	1	1/16		1/16	1		0	48	1662
96	96	15/16	15/16	2/2	4	1	1/16		1/16	1		1	43	1663
96	96	15/16	15/16	2/2	3	1	1/16		1/16	1		0	60	1655
96	96	15/16	15/16	2/2	2	1	1/16		1/16	1		-3	63	1651
97	97	0	0	2/2	4	1	1/4		1/4	1		2	38	1676
97	97	0	0	2/2	3	1	1/4		1/4	1		3	57	1672
97	97	0	0	2/2	1	1	1/4		1/4	1		2	62	1664
97	97	0	0	2/2	2	1	1/4		1/4	1		6	66	1668
97	97	0	0	2/2	1	1	1/4		1/4	1		0	72	1664
97	97	1/4	1/4	2/2	1	1	3/16		1/8	3/2		2	62	1665
97	97	1/4	1/4	2/2	1	1	3/16		1/8	3/2		0	72	1665
97	97	7/16	7/16	2/2	1	1	1/16		1/16	1		2	62	1666
97	97	7/16	7/16	2/2	1	1	1/16		1/16	1		0	72	1666
97	97	1/2	1/2	2/2	3	1	1/4		1/4	1		3	57	1673
97	97	1/2	1/2	2/2	1	1	1/2		1/2	1		2	62	1667
97	97	1/2	1/2	2/2	2	1	1/4		1/4	1		6	66	1669
97	97	1/2	1/2	2/2	1	1	1/2		1/2	1		0	72	1667
97	97	9/16	9/16	2/2	4	1	1/16		1/16	1		7	61	1677
97	97	5/8	5/8	2/2	4	1	1/16		1/16	1		2	62	1678
97	97	11/16	11/16	2/2	4	1	1/16		1/16	1		7	61	1679
97	97	3/4	3/4	2/2	3	1	3/16		1/8	3/2		3	57	1674
97	97	3/4	3/4	2/2	4	1	1/16		1/16	1		2	62	1680
97	97	3/4	3/4	2/2	2	1	3/16		1/8	3/2		6	66	1670
97	97	13/16	13/16	2/2	4	1	1/16		1/16	1		3	57	1681
97	97	7/8	7/8	2/2	4	1	1/16		1/16	1		6	54	1682
97	97	15/16	15/16	2/2	4	1	1/16		1/16	1		2	50	1683
97	97	15/16	15/16	2/2	3	1	1/16		1/16	1		3	57	1675
97	97	15/16	15/16	2/2	2	1	1/16		1/16	1		6	66	1671
98	98	0	0	2/2	4	1	1/4		1/4	1		1	55	1690
98	98	0	0	2/2	3	1	1/2		1/2	1		3	57	1688
98	98	0	0	2/2	2	1	1/2		1/2	1		6	66	1686
98	98	0	0	2/2	1	1	1/2		1/2	1		0	72	1684
98	98	1/4	1/4	2/2	4	1	1/4		1/4	1		2	50	1691
98	98	1/2	1/2	2/2	4	1	1/4		1/4	1		1	43	1692
98	98	1/2	1/2	2/2	3	1	1/4		1/4	1		1	55	1689
98	98	1/2	1/2	2/2	2	1	1/4		1/4	1		1	67	1687
98	98	1/2	1/2	2/2	1	1	1/4		1/4	1		-2	70	1685
