mc	mn	mc_onset	mn_onset	timesig	staff	voice	duration	gracenote	nominal_duration	scalar	tied	tpc	midi	volta	chord_id
1	1	0	0	3/4	4	1	1/2		1/2	1		1	55		15
1	1	0	0	3/4	1	1	1/4		1/4	1		2	74		0
1	1	1/8	1/8	3/4	3	1	1/8		1/8	1		-2	58		10
1	1	1/8	1/8	3/4	2	1	1/8		1/8	1		2	62		5
1	1	1/4	1/4	3/4	3	1	1/8		1/8	1		3	57		11
1	1	1/4	1/4	3/4	2	1	1/8		1/8	1		0	60		6
1	1	1/4	1/4	3/4	1	1	1/8		1/8	1		0	72		1
1	1	3/8	3/8	3/4	3	1	1/8		1/8	1		1	55		12
1	1	3/8	3/8	3/4	2	1	1/8		1/8	1		-2	58		7
1	1	3/8	3/8	3/4	1	1	1/8		1/8	1		-2	70		2
1	1	1/2	1/2	3/4	3	1	1/8		1/8	1		3	57		13
1	1	1/2	1/2	3/4	2	1	1/8		1/8	1		0	60		8
1	1	1/2	1/2	3/4	1	1	1/8		1/8	1		0	72		3
1	1	5/8	5/8	3/4	3	1	1/8		1/8	1		-2	58		14
1	1	5/8	5/8	3/4	2	1	1/8		1/8	1		2	62		9
1	1	5/8	5/8	3/4	1	1	1/8		1/8	1		2	74		4
2	2	0	0	3/4	1	1	0	appoggiatura	1/8	1		-1	77		16
2	2	0	0	3/4	4	1	1/2		1/2	1		0	48		30
2	2	0	0	3/4	1	1	1/4		1/4	1		-3	75		17
2	2	1/8	1/8	3/4	3	1	1/8		1/8	1		0	60		25
2	2	1/8	1/8	3/4	2	1	1/8		1/8	1		-3	63		20
2	2	1/4	1/4	3/4	3	1	1/8		1/8	1		0	60		26
2	2	1/4	1/4	3/4	2	1	1/8		1/8	1		-3	63		21
2	2	1/4	1/4	3/4	1	1	3/8		1/4	3/2		-3	75		18
2	2	3/8	3/8	3/4	3	1	1/8		1/8	1		0	60		27
2	2	3/8	3/8	3/4	2	1	1/8		1/8	1		-3	63		22
2	2	1/2	1/2	3/4	3	1	1/8		1/8	1		0	60		28
2	2	1/2	1/2	3/4	2	1	1/8		1/8	1		-3	63		23
2	2	5/8	5/8	3/4	3	1	1/8		1/8	1		-2	58		29
2	2	5/8	5/8	3/4	2	1	1/8		1/8	1		2	62		24
2	2	5/8	5/8	3/4	1	1	1/8		1/8	1		2	74		19
3	3	0	0	3/4	4	1	1/2		1/2	1		2	50		47
3	3	0	0	3/4	1	1	1/8		1/8	1		2	74		31
3	3	1/8	1/8	3/4	3	1	1/8		1/8	1		3	57		42
3	3	1/8	1/8	3/4	2	1	1/8		1/8	1		0	60		37
3	3	1/8	1/8	3/4	1	1	1/8		1/8	1		0	72		32
3	3	1/4	1/4	3/4	3	1	1/8		1/8	1		1	55		43
3	3	1/4	1/4	3/4	2	1	1/8		1/8	1		-2	58		38
3	3	1/4	1/4	3/4	1	1	1/8		1/8	1		-2	70		33
3	3	3/8	3/8	3/4	3	1	1/8		1/8	1		6	54		44
3	3	3/8	3/8	3/4	2	1	1/8		1/8	1		3	57		39
3	3	3/8	3/8	3/4	1	1	1/8		1/8	1		3	69		34
3	3	1/2	1/2	3/4	3	1	1/8		1/8	1		-2	58		45
3	3	1/2	1/2	3/4	2	1	1/8		1/8	1		2	62		40
3	3	1/2	1/2	3/4	1	1	1/8		1/8	1		2	74		35
3	3	5/8	5/8	3/4	3	1	1/8		1/8	1		3	57		46
3	3	5/8	5/8	3/4	2	1	1/8		1/8	1		0	60		41
3	3	5/8	5/8	3/4	1	1	1/8		1/8	1		0	72		36
4	4	0	0	3/4	1	1	0	grace4	1/4	1		0	72		48
4	4	0	0	3/4	4	1	1/8		1/8	1		1	43		57
4	4	0	0	3/4	3	1	1/4		1/4	1		3	57		54
4	4	0	0	3/4	2	1	1/4		1/4	1		0	60		51
4	4	0	0	3/4	1	1	1/2		1/2	1		-2	70		49
4	4	1/8	1/8	3/4	4	1	1/8		1/8	1		3	45		58
4	4	1/4	1/4	3/4	4	1	1/8		1/8	1		-2	46		59
4	4	1/4	1/4	3/4	3	1	1/4		1/4	1		1	55		55
4	4	1/4	1/4	3/4	2	1	1/4		1/4	1		-2	58		52
4	4	3/8	3/8	3/4	4	1	1/8		1/8	1		0	48		60
4	4	1/2	1/2	3/4	4	1	1/8		1/8	1		2	50		61
4	4	1/2	1/2	3/4	3	1	1/4		1/4	1		6	54		56
4	4	1/2	1/2	3/4	2	1	1/4		1/4	1		3	57		53
4	4	1/2	1/2	3/4	1	1	1/4		1/4	1		3	69		50
4	4	5/8	5/8	3/4	4	1	1/8		1/8	1		0	48		62
5	5	0	0	3/4	1	1	3/8		1/4	3/2		1	67		63
5	5	1/8	1/8	3/4	4	1	1/8		1/8	1		-2	46		80
5	5	1/8	1/8	3/4	3	1	1/8		1/8	1		1	55		75
5	5	1/8	1/8	3/4	2	1	1/8		1/8	1		2	62		70
5	5	1/4	1/4	3/4	4	1	1/8		1/8	1		-2	46		81
5	5	1/4	1/4	3/4	3	1	1/8		1/8	1		1	55		76
5	5	1/4	1/4	3/4	2	1	1/8		1/8	1		2	62		71
5	5	3/8	3/8	3/4	4	1	1/8		1/8	1		-2	46		82
5	5	3/8	3/8	3/4	3	1	1/8		1/8	1		1	55		77
5	5	3/8	3/8	3/4	2	1	1/8		1/8	1		2	62		72
5	5	3/8	3/8	3/4	1	1	1/16		1/16	1		6	66		64
5	5	7/16	7/16	3/4	1	1	1/16		1/16	1		1	67		65
5	5	1/2	1/2	3/4	4	1	1/8		1/8	1		-2	46		83
5	5	1/2	1/2	3/4	3	1	1/8		1/8	1		1	55		78
5	5	1/2	1/2	3/4	2	1	1/8		1/8	1		2	62		73
5	5	1/2	1/2	3/4	1	1	1/16		1/16	1		3	69		66
5	5	9/16	9/16	3/4	1	1	1/16		1/16	1		1	67		67
5	5	5/8	5/8	3/4	4	1	1/8		1/8	1		-2	46		84
5	5	5/8	5/8	3/4	3	1	1/8		1/8	1		1	55		79
5	5	5/8	5/8	3/4	2	1	1/8		1/8	1		2	62		74
5	5	5/8	5/8	3/4	1	1	1/16		1/16	1		6	66		68
5	5	11/16	11/16	3/4	1	1	1/16		1/16	1		1	67		69
6	6	0	0	3/4	1	1	1/2		1/2	1		-3	75		85
6	6	1/8	1/8	3/4	4	1	1/8		1/8	1		3	45		97
6	6	1/8	1/8	3/4	3	1	1/8		1/8	1		6	54		92
6	6	1/8	1/8	3/4	2	1	1/8		1/8	1		0	60		87
6	6	1/8	1/8	3/4	2	1	1/8		1/8	1		-3	63		87
6	6	1/4	1/4	3/4	4	1	1/8		1/8	1		3	45		98
6	6	1/4	1/4	3/4	3	1	1/8		1/8	1		6	54		93
6	6	1/4	1/4	3/4	2	1	1/8		1/8	1		0	60		88
6	6	1/4	1/4	3/4	2	1	1/8		1/8	1		-3	63		88
6	6	3/8	3/8	3/4	4	1	1/8		1/8	1		3	45		99
6	6	3/8	3/8	3/4	3	1	1/8		1/8	1		6	54		94
6	6	3/8	3/8	3/4	2	1	1/8		1/8	1		0	60		89
6	6	3/8	3/8	3/4	2	1	1/8		1/8	1		-3	63		89
6	6	1/2	1/2	3/4	4	1	1/8		1/8	1		3	45		100
6	6	1/2	1/2	3/4	3	1	1/8		1/8	1		3	57		95
6	6	1/2	1/2	3/4	2	1	1/8		1/8	1		0	60		90
6	6	1/2	1/2	3/4	2	1	1/8		1/8	1		-3	63		90
6	6	1/2	1/2	3/4	1	1	1/4		1/4	1		6	66		86
6	6	5/8	5/8	3/4	4	1	1/8		1/8	1		3	45		101
6	6	5/8	5/8	3/4	3	1	1/8		1/8	1		3	57		96
6	6	5/8	5/8	3/4	2	1	1/8		1/8	1		0	60		91
6	6	5/8	5/8	3/4	2	1	1/8		1/8	1		-3	63		91
7	7	0	0	3/4	4	1	1/4		1/4	1		-2	46		112
7	7	0	0	3/4	3	1	1/4		1/4	1		1	55		109
7	7	0	0	3/4	2	1	1/4		1/4	1		2	62		106
7	7	0	0	3/4	1	1	1/8		1/8	1		1	67		102
7	7	1/8	1/8	3/4	1	1	1/4		1/4	1		2	74		103
7	7	1/4	1/4	3/4	4	1	1/4		1/4	1		3	45		113
7	7	1/4	1/4	3/4	3	1	1/4		1/4	1		2	62		110
7	7	1/4	1/4	3/4	2	1	1/4		1/4	1		6	66		107
7	7	3/8	3/8	3/4	1	1	1/4		1/4	1		0	72		104
7	7	1/2	1/2	3/4	4	1	1/4		1/4	1		1	43		114
7	7	1/2	1/2	3/4	3	1	1/4		1/4	1		2	62		111
7	7	1/2	1/2	3/4	2	1	1/4		1/4	1		1	67		108
7	7	5/8	5/8	3/4	1	1	1/8		1/8	1		-2	70		105
8	8	0	0	3/4	4	1	1/4		1/4	1		2	50		123
8	8	0	0	3/4	3	1	1/2		1/2	1		2	62		121
8	8	0	0	3/4	2	1	3/8		1/4	3/2		1	67		118
8	8	0	0	3/4	1	1	3/8		1/4	3/2		-2	70		115
8	8	1/4	1/4	3/4	4	1	1/4		1/4	1		2	38		124
8	8	3/8	3/8	3/4	2	1	1/8		1/8	1		3	69		119
8	8	3/8	3/8	3/4	1	1	1/8		1/8	1		0	72		116
8	8	1/2	1/2	3/4	4	1	1/4		1/4	1		2	50		125
8	8	1/2	1/2	3/4	3	1	1/4		1/4	1		2	62		122
8	8	1/2	1/2	3/4	2	1	1/4		1/4	1		6	66		120
8	8	1/2	1/2	3/4	1	1	1/4		1/4	1		3	69		117
9	9	0	0	3/4	1	1	3/8		1/4	3/2		-2	70		126
9	9	3/8	3/8	3/4	1	1	1/8		1/8	1		3	69		127
9	9	1/2	1/2	3/4	1	1	1/8		1/8	1		-2	70		128
9	9	5/8	5/8	3/4	1	1	1/8		1/8	1		2	74		129
10	10	0	0	3/4	1	1	1/8		1/8	1		0	72		130
10	10	1/8	1/8	3/4	1	1	1/8		1/8	1		3	69		131
10	10	1/4	1/4	3/4	1	1	1/8		1/8	1		-1	65		132
10	10	3/8	3/8	3/4	1	1	1/8		1/8	1		3	69		133
10	10	1/2	1/2	3/4	1	1	1/8		1/8	1		-2	70		134
10	10	5/8	5/8	3/4	1	1	1/8		1/8	1		0	72		135
11	11	0	0	3/4	2	1	3/8		1/4	3/2		-2	70		140
11	11	0	0	3/4	1	1	3/8		1/4	3/2		2	74		136
11	11	3/8	3/8	3/4	2	1	1/8		1/8	1		3	69		141
11	11	3/8	3/8	3/4	1	1	1/8		1/8	1		0	72		137
11	11	1/2	1/2	3/4	2	1	1/8		1/8	1		-2	70		142
11	11	1/2	1/2	3/4	1	1	1/8		1/8	1		2	74		138
11	11	5/8	5/8	3/4	2	1	1/8		1/8	1		2	74		143
11	11	5/8	5/8	3/4	1	1	1/8		1/8	1		-1	77		139
12	12	0	0	3/4	2	1	1/8		1/8	1		0	72		150
12	12	0	0	3/4	1	1	1/8		1/8	1		-3	75		144
12	12	1/8	1/8	3/4	2	1	1/8		1/8	1		3	69		151
12	12	1/8	1/8	3/4	1	1	1/8		1/8	1		0	72		145
12	12	1/4	1/4	3/4	2	1	1/8		1/8	1		-1	65		152
12	12	1/4	1/4	3/4	1	1	1/8		1/8	1		3	69		146
12	12	3/8	3/8	3/4	2	1	1/8		1/8	1		3	69		153
12	12	3/8	3/8	3/4	1	1	1/8		1/8	1		0	72		147
12	12	1/2	1/2	3/4	2	1	1/8		1/8	1		-2	70		154
12	12	1/2	1/2	3/4	1	1	1/8		1/8	1		2	74		148
12	12	5/8	5/8	3/4	2	1	1/8		1/8	1		0	72		155
12	12	5/8	5/8	3/4	1	1	1/8		1/8	1		-3	75		149
13	13	0	0	3/4	4	1	3/8		1/4	3/2		-2	46		161
13	13	0	0	3/4	2	1	3/8		1/4	3/2		2	74		157
13	13	0	0	3/4	1	1	3/4		1/2	3/2	1	-1	77		156
13	13	3/8	3/8	3/4	4	1	1/8		1/8	1		3	45		162
13	13	3/8	3/8	3/4	2	1	1/8		1/8	1		0	72		158
13	13	1/2	1/2	3/4	4	1	1/8		1/8	1		-2	46		163
13	13	1/2	1/2	3/4	2	1	1/8		1/8	1		2	74		159
13	13	5/8	5/8	3/4	4	1	1/8		1/8	1		2	50		164
13	13	5/8	5/8	3/4	2	1	1/8		1/8	1		-1	77		160
14	14	0	0	3/4	4	1	1/8		1/8	1		0	48		172
14	14	0	0	3/4	2	1	1/8		1/8	1		-3	75		166
14	14	0	0	3/4	1	1	3/4		1/2	3/2	0	-1	77		165
14	14	1/8	1/8	3/4	4	1	1/8		1/8	1		3	45		173
14	14	1/8	1/8	3/4	2	1	1/8		1/8	1		0	72		167
14	14	1/4	1/4	3/4	4	1	1/8		1/8	1		-1	41		174
14	14	1/4	1/4	3/4	2	1	1/8		1/8	1		3	69		168
14	14	3/8	3/8	3/4	4	1	1/8		1/8	1		3	45		175
14	14	3/8	3/8	3/4	2	1	1/8		1/8	1		0	72		169
14	14	1/2	1/2	3/4	4	1	1/8		1/8	1		-2	46		176
14	14	1/2	1/2	3/4	2	1	1/8		1/8	1		2	74		170
14	14	5/8	5/8	3/4	4	1	1/8		1/8	1		0	48		177
14	14	5/8	5/8	3/4	2	1	1/8		1/8	1		-3	75		171
15	15	0	0	3/4	4	1	3/8		1/4	3/2		2	50		187
15	15	0	0	3/4	3	1	3/8		1/4	3/2		-2	58		183
15	15	0	0	3/4	2	1	1/8		1/8	1		-1	77		179
15	15	0	0	3/4	1	1	3/4		1/2	3/2	0	-1	77		178
15	15	1/8	1/8	3/4	2	1	1/4		1/4	1		-1	65		180
15	15	3/8	3/8	3/4	4	1	1/8		1/8	1		0	48		188
15	15	3/8	3/8	3/4	3	1	1/8		1/8	1		3	57		184
15	15	3/8	3/8	3/4	2	1	1/4		1/4	1		-1	65		181
15	15	1/2	1/2	3/4	4	1	1/8		1/8	1		2	50		189
15	15	1/2	1/2	3/4	3	1	1/8		1/8	1		-2	58		185
15	15	5/8	5/8	3/4	4	1	1/8		1/8	1		-1	53		190
15	15	5/8	5/8	3/4	3	1	1/8		1/8	1		2	62		186
15	15	5/8	5/8	3/4	2	1	1/8		1/8	1	1	-1	65		182
16	16	0	0	3/4	4	1	3/4		1/2	3/2		-3	51		205
16	16	0	0	3/4	3	1	1/8		1/8	1		0	60		199
16	16	0	0	3/4	2	1	1/8		1/8	1	-1	-1	65		195
16	16	0	0	3/4	1	1	3/8		1/4	3/2	-1	-1	77		191
16	16	1/8	1/8	3/4	3	1	1/8		1/8	1		3	57		200
16	16	1/8	1/8	3/4	2	1	1/4		1/4	1		-1	65		196
16	16	1/4	1/4	3/4	3	1	1/8		1/8	1		-1	53		201
16	16	3/8	3/8	3/4	3	1	1/8		1/8	1		3	57		202
16	16	3/8	3/8	3/4	2	1	1/4		1/4	1		-1	65		197
16	16	3/8	3/8	3/4	1	1	1/8		1/8	1		-1	77		192
16	16	1/2	1/2	3/4	3	1	1/8		1/8	1		-2	58		203
16	16	1/2	1/2	3/4	1	1	1/8		1/8	1		1	79		193
16	16	5/8	5/8	3/4	3	1	1/8		1/8	1		0	60		204
16	16	5/8	5/8	3/4	2	1	1/8		1/8	1		-1	65		198
16	16	5/8	5/8	3/4	1	1	1/8		1/8	1		3	81		194
17	17	0	0	3/4	4	1	1/4		1/4	1		2	50		222
17	17	0	0	3/4	3	1	1/4		1/4	1		2	62		220
17	17	0	0	3/4	2	1	1/4		1/4	1		-1	65		218
17	17	0	0	3/4	1	1	1/16		1/16	1		-2	82		206
17	17	1/16	1/16	3/4	1	1	1/16		1/16	1		3	81		207
17	17	1/8	1/8	3/4	1	1	1/16		1/16	1		-2	82		208
17	17	3/16	3/16	3/4	1	1	1/16		1/16	1		3	81		209
17	17	1/4	1/4	3/4	1	1	1/16		1/16	1		-2	82		210
17	17	5/16	5/16	3/4	1	1	1/16		1/16	1		0	84		211
17	17	3/8	3/8	3/4	1	1	1/16		1/16	1		2	86		212
17	17	7/16	7/16	3/4	1	1	1/16		1/16	1		0	84		213
17	17	1/2	1/2	3/4	4	1	1/4		1/4	1		2	50		223
17	17	1/2	1/2	3/4	3	1	1/4		1/4	1		2	62		221
17	17	1/2	1/2	3/4	2	1	1/4		1/4	1		-2	70		219
17	17	1/2	1/2	3/4	1	1	1/16		1/16	1		-2	82		214
17	17	9/16	9/16	3/4	1	1	1/16		1/16	1		3	81		215
17	17	5/8	5/8	3/4	1	1	1/16		1/16	1		1	79		216
17	17	11/16	11/16	3/4	1	1	1/16		1/16	1		-1	77		217
18	18	0	0	3/4	4	1	1/2		1/2	1		-3	51		235
18	18	0	0	3/4	3	1	1/2		1/2	1		-3	63		233
18	18	0	0	3/4	2	1	1/2		1/2	1		-2	70		231
18	18	0	0	3/4	1	1	1/4		1/4	1		6	78		224
18	18	1/4	1/4	3/4	1	1	1/8		1/8	1		1	79		225
18	18	7/16	7/16	3/4	1	1	1/16		1/16	1		1	79		226
18	18	1/2	1/2	3/4	1	1	0	grace16	1/16	1		-1	77		227
18	18	1/2	1/2	3/4	4	1	1/4		1/4	1		-3	51		236
18	18	1/2	1/2	3/4	3	1	1/4		1/4	1		-1	65		234
18	18	1/2	1/2	3/4	2	1	1/4		1/4	1		3	69		232
18	18	1/2	1/2	3/4	1	1	1/8		1/8	1		-3	75		228
18	18	5/8	5/8	3/4	1	1	1/16		1/16	1		2	74		229
18	18	11/16	11/16	3/4	1	1	1/16		1/16	1		0	72		230
19	19	0	0	3/4	4	1	3/16		1/8	3/2		2	50		247
19	19	0	0	3/4	3	1	3/16		1/8	3/2		-1	65		243
19	19	0	0	3/4	2	1	1/2		1/2	1		-2	70		241
19	19	0	0	3/4	1	1	1/8		1/8	1		-1	77		237
19	19	3/16	3/16	3/4	4	1	1/16		1/16	1		-3	51		248
19	19	3/16	3/16	3/4	3	1	1/16		1/16	1		1	67		244
19	19	3/16	3/16	3/4	1	1	1/16		1/16	1		-2	82		238
19	19	1/4	1/4	3/4	4	1	1/4		1/4	1		-1	53		249
19	19	1/4	1/4	3/4	3	1	1/4		1/4	1		-1	65		245
19	19	1/4	1/4	3/4	1	1	1/4		1/4	1		2	74		239
19	19	1/2	1/2	3/4	4	1	1/4		1/4	1		-1	41		250
19	19	1/2	1/2	3/4	3	1	1/4		1/4	1		-3	63		246
19	19	1/2	1/2	3/4	2	1	1/4		1/4	1		3	69		242
19	19	1/2	1/2	3/4	1	1	1/4		1/4	1		0	72		240
20	20	0	0	3/4	4	1	1/4		1/4	1		-2	46		254
20	20	0	0	3/4	3	1	1/2		1/2	1		2	62		253
20	20	0	0	3/4	1	1	1/2		1/2	1		-2	70		251
20	20	0	0	3/4	2	1	1/2		1/2	1		-2	70		252
20	20	1/4	1/4	3/4	4	1	1/4		1/4	1		-1	53		255
20	20	1/2	1/2	3/4	4	1	1/4		1/4	1		-2	58		256
21	21	0	0	3/4	4	1	1/2		1/2	1		-2	46		272
21	21	0	0	3/4	1	1	1/4		1/4	1		-1	77		257
21	21	1/8	1/8	3/4	3	1	1/8		1/8	1		2	62		267
21	21	1/8	1/8	3/4	2	1	1/8		1/8	1		-1	65		262
21	21	1/4	1/4	3/4	3	1	1/8		1/8	1		0	60		268
21	21	1/4	1/4	3/4	2	1	1/8		1/8	1		-3	63		263
21	21	1/4	1/4	3/4	1	1	1/8		1/8	1		-3	75		258
21	21	3/8	3/8	3/4	3	1	1/8		1/8	1		-2	58		269
21	21	3/8	3/8	3/4	2	1	1/8		1/8	1		2	62		264
21	21	3/8	3/8	3/4	1	1	1/8		1/8	1		2	74		259
21	21	1/2	1/2	3/4	3	1	1/8		1/8	1		-3	63		270
21	21	1/2	1/2	3/4	2	1	1/8		1/8	1		1	67		265
21	21	1/2	1/2	3/4	1	1	1/8		1/8	1		1	79		260
21	21	5/8	5/8	3/4	3	1	1/8		1/8	1		2	62		271
21	21	5/8	5/8	3/4	2	1	1/8		1/8	1		-1	65		266
21	21	5/8	5/8	3/4	1	1	1/8		1/8	1		-1	77		261
22	22	0	0	3/4	4	1	1/2		1/2	1		0	48		286
22	22	0	0	3/4	1	1	1/8		1/8	1		-1	77		273
22	22	1/8	1/8	3/4	3	1	1/8		1/8	1		0	60		281
22	22	1/8	1/8	3/4	2	1	1/8		1/8	1		-3	63		276
22	22	1/8	1/8	3/4	1	1	1/8		1/8	1		-3	75		274
22	22	1/4	1/4	3/4	3	1	1/8		1/8	1		-3	63		282
22	22	1/4	1/4	3/4	2	1	1/8		1/8	1		1	67		277
22	22	1/4	1/4	3/4	1	1	1/4		1/4	1		-3	75		275
22	22	3/8	3/8	3/4	3	1	1/8		1/8	1		2	62		283
22	22	3/8	3/8	3/4	2	1	1/8		1/8	1		-1	65		278
22	22	1/2	1/2	3/4	3	1	1/8		1/8	1		0	60		284
22	22	1/2	1/2	3/4	2	1	1/8		1/8	1		-3	63		279
22	22	5/8	5/8	3/4	3	1	1/8		1/8	1		-2	58		285
22	22	5/8	5/8	3/4	2	1	1/8		1/8	1		2	62		280
23	23	0	0	3/4	1	1	0	appoggiatura	1/8	1		-1	77		287
23	23	0	0	3/4	4	1	1/2		1/2	1		-1	41		303
23	23	0	0	3/4	1	1	1/4		1/4	1		-3	75		288
23	23	1/8	1/8	3/4	3	1	1/8		1/8	1		0	60		298
23	23	1/8	1/8	3/4	2	1	1/8		1/8	1		-3	63		293
23	23	1/4	1/4	3/4	3	1	1/8		1/8	1		-2	58		299
23	23	1/4	1/4	3/4	2	1	1/8		1/8	1		2	62		294
23	23	1/4	1/4	3/4	1	1	1/8		1/8	1		2	74		289
23	23	3/8	3/8	3/4	3	1	1/8		1/8	1		3	57		300
23	23	3/8	3/8	3/4	2	1	1/8		1/8	1		0	60		295
23	23	3/8	3/8	3/4	1	1	1/8		1/8	1		0	72		290
23	23	1/2	1/2	3/4	3	1	1/8		1/8	1		2	62		301
23	23	1/2	1/2	3/4	2	1	1/8		1/8	1		-1	65		296
23	23	1/2	1/2	3/4	1	1	1/8		1/8	1		-1	77		291
23	23	5/8	5/8	3/4	3	1	1/8		1/8	1		0	60		302
23	23	5/8	5/8	3/4	2	1	1/8		1/8	1		-3	63		297
23	23	5/8	5/8	3/4	1	1	1/8		1/8	1		-3	75		292
24	24	0	0	3/4	4	1	1/2		1/2	1		-2	46		317
24	24	0	0	3/4	1	1	1/8		1/8	1		-3	75		304
24	24	1/8	1/8	3/4	3	1	1/8		1/8	1		-2	58		312
24	24	1/8	1/8	3/4	2	1	1/8		1/8	1		2	62		307
24	24	1/8	1/8	3/4	1	1	1/8		1/8	1		2	74		305
24	24	1/4	1/4	3/4	3	1	1/8		1/8	1		2	62		313
24	24	1/4	1/4	3/4	2	1	1/8		1/8	1		-1	65		308
24	24	1/4	1/4	3/4	1	1	1/4		1/4	1		2	74		306
24	24	3/8	3/8	3/4	3	1	1/8		1/8	1		-3	63		314
24	24	3/8	3/8	3/4	2	1	1/8		1/8	1		1	67		309
24	24	1/2	1/2	3/4	3	1	1/8		1/8	1		2	62		315
24	24	1/2	1/2	3/4	2	1	1/8		1/8	1		-1	65		310
24	24	5/8	5/8	3/4	3	1	1/8		1/8	1		0	60		316
24	24	5/8	5/8	3/4	2	1	1/8		1/8	1		-3	63		311
25	25	0	0	3/4	4	1	3/4		1/2	3/2		2	50		334
25	25	0	0	3/4	3	1	1/8		1/8	1		-2	58		328
25	25	0	0	3/4	1	1	3/8		1/4	3/2		-1	77		318
25	25	1/8	1/8	3/4	2	1	1/8		1/8	1		2	62		323
25	25	1/8	1/8	3/4	3	1	1/8		1/8	1		2	62		329
25	25	1/4	1/4	3/4	3	1	1/8		1/8	1		-2	58		330
25	25	1/4	1/4	3/4	2	1	1/8		1/8	1		-1	65		324
25	25	3/8	3/8	3/4	2	1	1/8		1/8	1		2	62		325
25	25	3/8	3/8	3/4	3	1	1/8		1/8	1		2	62		331
25	25	3/8	3/8	3/4	1	1	1/16		1/16	1		1	79		319
25	25	7/16	7/16	3/4	1	1	1/16		1/16	1		-1	77		320
25	25	1/2	1/2	3/4	3	1	1/8		1/8	1		-2	58		332
25	25	1/2	1/2	3/4	2	1	1/8		1/8	1		-1	65		326
25	25	1/2	1/2	3/4	1	1	1/8		1/8	1		-3	75		321
25	25	5/8	5/8	3/4	2	1	1/8		1/8	1		2	62		327
25	25	5/8	5/8	3/4	3	1	1/8		1/8	1		2	62		333
25	25	5/8	5/8	3/4	1	1	1/8		1/8	1		2	74		322
26	26	0	0	3/4	4	1	3/4		1/2	3/2		-3	51		352
26	26	0	0	3/4	3	1	1/8		1/8	1		3	57		346
26	26	0	0	3/4	1	1	1/8		1/8	1		2	74		335
26	26	1/8	1/8	3/4	2	1	1/8		1/8	1		0	60		341
26	26	1/8	1/8	3/4	3	1	1/8		1/8	1		0	60		347
26	26	1/8	1/8	3/4	1	1	1/8		1/8	1		0	72		336
26	26	1/4	1/4	3/4	3	1	1/8		1/8	1		3	57		348
26	26	1/4	1/4	3/4	2	1	1/8		1/8	1		-1	65		342
26	26	1/4	1/4	3/4	1	1	1/8		1/8	1		0	72		337
26	26	3/8	3/8	3/4	2	1	1/8		1/8	1		0	60		343
26	26	3/8	3/8	3/4	3	1	1/8		1/8	1		0	60		349
26	26	3/8	3/8	3/4	1	1	1/8		1/8	1		2	74		338
26	26	1/2	1/2	3/4	3	1	1/8		1/8	1		3	57		350
26	26	1/2	1/2	3/4	2	1	1/8		1/8	1		-1	65		344
26	26	1/2	1/2	3/4	1	1	1/8		1/8	1		-3	75		339
26	26	5/8	5/8	3/4	2	1	1/8		1/8	1		0	60		345
26	26	5/8	5/8	3/4	3	1	1/8		1/8	1		0	60		351
26	26	5/8	5/8	3/4	1	1	1/8		1/8	1		4	76		340
27	27	0	0	3/4	4	1	3/4		1/2	3/2		2	50		371
27	27	0	0	3/4	3	1	1/8		1/8	1		-2	58		365
27	27	0	0	3/4	1	1	3/8		1/4	3/2		-1	77		353
27	27	1/8	1/8	3/4	2	1	1/8		1/8	1		2	62		360
27	27	1/8	1/8	3/4	3	1	1/8		1/8	1		2	62		366
27	27	1/4	1/4	3/4	3	1	1/8		1/8	1		-2	58		367
27	27	1/4	1/4	3/4	2	1	1/8		1/8	1		-1	65		361
27	27	3/8	3/8	3/4	2	1	1/8		1/8	1		2	62		362
27	27	3/8	3/8	3/4	3	1	1/8		1/8	1		2	62		368
27	27	3/8	3/8	3/4	1	1	1/16		1/16	1		1	79		354
27	27	7/16	7/16	3/4	1	1	1/16		1/16	1		-1	77		355
27	27	1/2	1/2	3/4	3	1	1/8		1/8	1		-2	58		369
27	27	1/2	1/2	3/4	2	1	1/8		1/8	1		-1	65		363
27	27	1/2	1/2	3/4	1	1	1/16		1/16	1		-2	82		356
27	27	9/16	9/16	3/4	1	1	1/16		1/16	1		-1	77		357
27	27	5/8	5/8	3/4	2	1	1/8		1/8	1		2	62		364
27	27	5/8	5/8	3/4	3	1	1/8		1/8	1		2	62		370
27	27	5/8	5/8	3/4	1	1	1/16		1/16	1		-3	75		358
27	27	11/16	11/16	3/4	1	1	1/16		1/16	1		2	74		359
28	28	0	0	3/4	4	1	3/4		1/2	3/2		-3	51		389
28	28	0	0	3/4	3	1	1/8		1/8	1		3	57		383
28	28	0	0	3/4	1	1	1/8		1/8	1		2	74		372
28	28	1/8	1/8	3/4	2	1	1/8		1/8	1		0	60		378
28	28	1/8	1/8	3/4	3	1	1/8		1/8	1		0	60		384
28	28	1/8	1/8	3/4	1	1	1/8		1/8	1		0	72		373
28	28	1/4	1/4	3/4	3	1	1/8		1/8	1		3	57		385
28	28	1/4	1/4	3/4	2	1	1/8		1/8	1		-1	65		379
28	28	1/4	1/4	3/4	1	1	1/8		1/8	1		0	72		374
28	28	3/8	3/8	3/4	2	1	1/8		1/8	1		0	60		380
28	28	3/8	3/8	3/4	3	1	1/8		1/8	1		0	60		386
28	28	3/8	3/8	3/4	1	1	1/8		1/8	1		0	72		375
28	28	1/2	1/2	3/4	3	1	1/8		1/8	1		3	57		387
28	28	1/2	1/2	3/4	2	1	1/8		1/8	1		-1	65		381
28	28	1/2	1/2	3/4	1	1	1/8		1/8	1		2	74		376
28	28	5/8	5/8	3/4	2	1	1/8		1/8	1		0	60		382
28	28	5/8	5/8	3/4	3	1	1/8		1/8	1		0	60		388
28	28	5/8	5/8	3/4	1	1	1/8		1/8	1		-3	75		377
29	29	0	0	3/4	4	1	1/8		1/8	1		2	50		401
29	29	0	0	3/4	1	1	3/4		1/2	3/2		-1	77		390
29	29	1/8	1/8	3/4	4	1	1/8		1/8	1		2	50		402
29	29	1/8	1/8	3/4	3	1	1/8		1/8	1		-2	58		396
29	29	1/8	1/8	3/4	2	1	1/8		1/8	1		-1	65		391
29	29	1/4	1/4	3/4	4	1	1/8		1/8	1		2	50		403
29	29	1/4	1/4	3/4	3	1	1/8		1/8	1		-2	58		397
29	29	1/4	1/4	3/4	2	1	1/8		1/8	1		-1	65		392
29	29	3/8	3/8	3/4	4	1	1/8		1/8	1		2	50		404
29	29	3/8	3/8	3/4	3	1	1/8		1/8	1		-2	58		398
29	29	3/8	3/8	3/4	2	1	1/8		1/8	1		-1	65		393
29	29	1/2	1/2	3/4	4	1	1/8		1/8	1		2	50		405
29	29	1/2	1/2	3/4	3	1	1/8		1/8	1		-2	58		399
29	29	1/2	1/2	3/4	2	1	1/8		1/8	1		-1	65		394
29	29	5/8	5/8	3/4	4	1	1/8		1/8	1		2	50		406
29	29	5/8	5/8	3/4	3	1	1/8		1/8	1		-2	58		400
29	29	5/8	5/8	3/4	2	1	1/8		1/8	1		-1	65		395
30	30	0	0	3/4	1	1	3/4		1/2	3/2		6	78		407
30	30	1/8	1/8	3/4	4	1	1/8		1/8	1		2	50		418
30	30	1/8	1/8	3/4	2	1	1/8		1/8	1		3	57		408
30	30	1/8	1/8	3/4	3	1	1/8		1/8	1		0	60		413
30	30	1/8	1/8	3/4	3	1	1/8		1/8	1		2	62		413
30	30	1/8	1/8	3/4	2	1	1/8		1/8	1		6	66		408
30	30	1/4	1/4	3/4	4	1	1/8		1/8	1		2	50		419
30	30	1/4	1/4	3/4	2	1	1/8		1/8	1		3	57		409
30	30	1/4	1/4	3/4	3	1	1/8		1/8	1		0	60		414
30	30	1/4	1/4	3/4	3	1	1/8		1/8	1		2	62		414
30	30	1/4	1/4	3/4	2	1	1/8		1/8	1		6	66		409
30	30	3/8	3/8	3/4	4	1	1/8		1/8	1		2	50		420
30	30	3/8	3/8	3/4	2	1	1/8		1/8	1		3	57		410
30	30	3/8	3/8	3/4	3	1	1/8		1/8	1		0	60		415
30	30	3/8	3/8	3/4	3	1	1/8		1/8	1		2	62		415
30	30	3/8	3/8	3/4	2	1	1/8		1/8	1		6	66		410
30	30	1/2	1/2	3/4	4	1	1/8		1/8	1		2	50		421
30	30	1/2	1/2	3/4	2	1	1/8		1/8	1		3	57		411
30	30	1/2	1/2	3/4	3	1	1/8		1/8	1		0	60		416
30	30	1/2	1/2	3/4	3	1	1/8		1/8	1		2	62		416
30	30	1/2	1/2	3/4	2	1	1/8		1/8	1		6	66		411
30	30	5/8	5/8	3/4	4	1	1/8		1/8	1		2	50		422
30	30	5/8	5/8	3/4	2	1	1/8		1/8	1		3	57		412
30	30	5/8	5/8	3/4	3	1	1/8		1/8	1		0	60		417
30	30	5/8	5/8	3/4	3	1	1/8		1/8	1		2	62		417
30	30	5/8	5/8	3/4	2	1	1/8		1/8	1		6	66		412
31	31	0	0	3/4	1	1	1/2		1/2	1		1	79		423
31	31	1/8	1/8	3/4	4	1	1/8		1/8	1		-3	51		439
31	31	1/8	1/8	3/4	2	1	1/8		1/8	1		1	55		429
31	31	1/8	1/8	3/4	3	1	1/8		1/8	1		-2	58		434
31	31	1/8	1/8	3/4	2	1	1/8		1/8	1		1	67		429
31	31	1/4	1/4	3/4	4	1	1/8		1/8	1		-3	51		440
31	31	1/4	1/4	3/4	2	1	1/8		1/8	1		1	55		430
31	31	1/4	1/4	3/4	3	1	1/8		1/8	1		-2	58		435
31	31	1/4	1/4	3/4	2	1	1/8		1/8	1		1	67		430
31	31	3/8	3/8	3/4	4	1	1/8		1/8	1		-3	51		441
31	31	3/8	3/8	3/4	2	1	1/8		1/8	1		1	55		431
31	31	3/8	3/8	3/4	3	1	1/8		1/8	1		-2	58		436
31	31	3/8	3/8	3/4	2	1	1/8		1/8	1		1	67		431
31	31	1/2	1/2	3/4	1	1	0	grace16	1/16	1		3	81		424
31	31	1/2	1/2	3/4	1	1	0	grace16	1/16	1		1	79		425
31	31	1/2	1/2	3/4	1	1	0	grace16	1/16	1		-1	77		426
31	31	1/2	1/2	3/4	4	1	1/8		1/8	1		-3	51		442
31	31	1/2	1/2	3/4	2	1	1/8		1/8	1		1	55		432
31	31	1/2	1/2	3/4	3	1	1/8		1/8	1		-2	58		437
31	31	1/2	1/2	3/4	2	1	1/8		1/8	1		1	67		432
31	31	1/2	1/2	3/4	1	1	3/16		1/8	3/2		1	79		427
31	31	5/8	5/8	3/4	4	1	1/8		1/8	1		-3	51		443
31	31	5/8	5/8	3/4	2	1	1/8		1/8	1		1	55		433
31	31	5/8	5/8	3/4	3	1	1/8		1/8	1		-2	58		438
31	31	5/8	5/8	3/4	2	1	1/8		1/8	1		1	67		433
31	31	11/16	11/16	3/4	1	1	1/16		1/16	1		3	81		428
32	32	0	0	3/4	1	1	1/2		1/2	1		-2	82		444
32	32	1/8	1/8	3/4	4	1	1/8		1/8	1		-3	51		456
32	32	1/8	1/8	3/4	3	1	1/8		1/8	1		7	61		451
32	32	1/8	1/8	3/4	2	1	1/8		1/8	1		1	67		446
32	32	1/4	1/4	3/4	4	1	1/8		1/8	1		-3	51		457
32	32	1/4	1/4	3/4	3	1	1/8		1/8	1		7	61		452
32	32	1/4	1/4	3/4	2	1	1/8		1/8	1		1	67		447
32	32	3/8	3/8	3/4	4	1	1/8		1/8	1		-3	51		458
32	32	3/8	3/8	3/4	3	1	1/8		1/8	1		7	61		453
32	32	3/8	3/8	3/4	2	1	1/8		1/8	1		1	67		448
32	32	1/2	1/2	3/4	4	1	1/8		1/8	1		-3	51		459
32	32	1/2	1/2	3/4	2	1	1/8		1/8	1		1	67		449
32	32	1/2	1/2	3/4	3	1	1/8		1/8	1		1	67		454
32	32	1/2	1/2	3/4	1	1	1/4		1/4	1		7	73		445
32	32	5/8	5/8	3/4	4	1	1/8		1/8	1		-3	51		460
32	32	5/8	5/8	3/4	2	1	1/8		1/8	1		1	67		450
32	32	5/8	5/8	3/4	3	1	1/8		1/8	1		1	67		455
33	33	0	0	3/4	4	1	1/8		1/8	1		2	50		485
33	33	0	0	3/4	2	1	1/8		1/8	1		6	66		469
33	33	0	0	3/4	3	1	1/8		1/8	1		3	69		477
33	33	0	0	3/4	1	1	1/8		1/8	1		2	74		461
33	33	1/8	1/8	3/4	4	1	1/8		1/8	1		2	50		486
33	33	1/8	1/8	3/4	1	1	1/8		1/8	1		2	62		462
33	33	1/8	1/8	3/4	2	1	1/8		1/8	1		2	62		470
33	33	1/8	1/8	3/4	3	1	1/8		1/8	1		2	62		478
33	33	1/4	1/4	3/4	4	1	1/8		1/8	1		2	62		487
33	33	1/4	1/4	3/4	1	1	1/8		1/8	1		2	74		463
33	33	1/4	1/4	3/4	2	1	1/8		1/8	1		2	74		471
33	33	1/4	1/4	3/4	3	1	1/8		1/8	1		2	74		479
33	33	3/8	3/8	3/4	4	1	1/8		1/8	1		2	62		488
33	33	3/8	3/8	3/4	1	1	1/8		1/8	1		2	74		464
33	33	3/8	3/8	3/4	2	1	1/8		1/8	1		2	74		472
33	33	3/8	3/8	3/4	3	1	1/8		1/8	1		2	74		480
33	33	1/2	1/2	3/4	1	1	0	grace16	1/16	1		0	72		465
33	33	1/2	1/2	3/4	2	1	0	grace16	1/16	1		0	72		473
33	33	1/2	1/2	3/4	3	1	0	grace16	1/16	1		0	72		481
33	33	1/2	1/2	3/4	4	1	0	grace16	1/16	1		0	60		489
33	33	1/2	1/2	3/4	4	1	1/8		1/8	1		-2	58		490
33	33	1/2	1/2	3/4	1	1	1/8		1/8	1		-2	70		466
33	33	1/2	1/2	3/4	2	1	1/8		1/8	1		-2	70		474
33	33	1/2	1/2	3/4	3	1	1/8		1/8	1		-2	70		482
33	33	5/8	5/8	3/4	4	1	1/16		1/16	1		3	57		491
33	33	5/8	5/8	3/4	1	1	1/16		1/16	1		3	69		467
33	33	5/8	5/8	3/4	2	1	1/16		1/16	1		3	69		475
33	33	5/8	5/8	3/4	3	1	1/16		1/16	1		3	69		483
33	33	11/16	11/16	3/4	4	1	1/16		1/16	1		1	55		492
33	33	11/16	11/16	3/4	1	1	1/16		1/16	1		1	67		468
33	33	11/16	11/16	3/4	2	1	1/16		1/16	1		1	67		476
33	33	11/16	11/16	3/4	3	1	1/16		1/16	1		1	67		484
34	34	0	0	3/4	4	1	1/8		1/8	1		6	54		517
34	34	0	0	3/4	1	1	1/8		1/8	1		6	66		493
34	34	0	0	3/4	2	1	1/8		1/8	1		6	66		501
34	34	0	0	3/4	3	1	1/8		1/8	1		6	66		509
34	34	1/8	1/8	3/4	4	1	1/8		1/8	1		2	50		518
34	34	1/8	1/8	3/4	1	1	1/8		1/8	1		2	62		494
34	34	1/8	1/8	3/4	2	1	1/8		1/8	1		2	62		502
34	34	1/8	1/8	3/4	3	1	1/8		1/8	1		2	62		510
34	34	1/4	1/4	3/4	4	1	1/8		1/8	1		2	62		519
34	34	1/4	1/4	3/4	1	1	1/8		1/8	1		2	74		495
34	34	1/4	1/4	3/4	2	1	1/8		1/8	1		2	74		503
34	34	1/4	1/4	3/4	3	1	1/8		1/8	1		2	74		511
34	34	3/8	3/8	3/4	4	1	1/8		1/8	1		2	62		520
34	34	3/8	3/8	3/4	1	1	1/8		1/8	1		2	74		496
34	34	3/8	3/8	3/4	2	1	1/8		1/8	1		2	74		504
34	34	3/8	3/8	3/4	3	1	1/8		1/8	1		2	74		512
34	34	1/2	1/2	3/4	1	1	0	grace16	1/16	1		0	72		497
34	34	1/2	1/2	3/4	2	1	0	grace16	1/16	1		0	72		505
34	34	1/2	1/2	3/4	3	1	0	grace16	1/16	1		0	72		513
34	34	1/2	1/2	3/4	4	1	0	grace16	1/16	1		0	60		521
34	34	1/2	1/2	3/4	4	1	1/8		1/8	1		-2	58		522
34	34	1/2	1/2	3/4	1	1	1/8		1/8	1		-2	70		498
34	34	1/2	1/2	3/4	2	1	1/8		1/8	1		-2	70		506
34	34	1/2	1/2	3/4	3	1	1/8		1/8	1		-2	70		514
34	34	5/8	5/8	3/4	4	1	1/16		1/16	1		3	57		523
34	34	5/8	5/8	3/4	1	1	1/16		1/16	1		3	69		499
34	34	5/8	5/8	3/4	2	1	1/16		1/16	1		3	69		507
34	34	5/8	5/8	3/4	3	1	1/16		1/16	1		3	69		515
34	34	11/16	11/16	3/4	4	1	1/16		1/16	1		1	55		524
34	34	11/16	11/16	3/4	1	1	1/16		1/16	1		1	67		500
34	34	11/16	11/16	3/4	2	1	1/16		1/16	1		1	67		508
34	34	11/16	11/16	3/4	3	1	1/16		1/16	1		1	67		516
35	35	0	0	3/4	4	1	1/8		1/8	1		6	54		549
35	35	0	0	3/4	1	1	1/8		1/8	1		6	66		525
35	35	0	0	3/4	2	1	1/8		1/8	1		6	66		533
35	35	0	0	3/4	3	1	1/8		1/8	1		6	66		541
35	35	1/8	1/8	3/4	4	1	1/8		1/8	1		2	50		550
35	35	1/8	1/8	3/4	1	1	1/8		1/8	1		2	62		526
35	35	1/8	1/8	3/4	2	1	1/8		1/8	1		2	62		534
35	35	1/8	1/8	3/4	3	1	1/8		1/8	1		2	62		542
35	35	1/4	1/4	3/4	4	1	1/8		1/8	1		2	62		551
35	35	1/4	1/4	3/4	1	1	1/8		1/8	1		2	74		527
35	35	1/4	1/4	3/4	2	1	1/8		1/8	1		2	74		535
35	35	1/4	1/4	3/4	3	1	1/8		1/8	1		2	74		543
35	35	3/8	3/8	3/4	4	1	1/8		1/8	1		2	62		552
35	35	3/8	3/8	3/4	1	1	1/8		1/8	1		2	74		528
35	35	3/8	3/8	3/4	2	1	1/8		1/8	1		2	74		536
35	35	3/8	3/8	3/4	3	1	1/8		1/8	1		2	74		544
35	35	1/2	1/2	3/4	1	1	0	grace16	1/16	1		0	72		529
35	35	1/2	1/2	3/4	2	1	0	grace16	1/16	1		0	72		537
35	35	1/2	1/2	3/4	3	1	0	grace16	1/16	1		0	72		545
35	35	1/2	1/2	3/4	4	1	0	grace16	1/16	1		0	60		553
35	35	1/2	1/2	3/4	4	1	1/8		1/8	1		-2	58		554
35	35	1/2	1/2	3/4	1	1	1/8		1/8	1		-2	70		530
35	35	1/2	1/2	3/4	2	1	1/8		1/8	1		-2	70		538
35	35	1/2	1/2	3/4	3	1	1/8		1/8	1		-2	70		546
35	35	5/8	5/8	3/4	4	1	1/16		1/16	1		3	57		555
35	35	5/8	5/8	3/4	1	1	1/16		1/16	1		3	69		531
35	35	5/8	5/8	3/4	2	1	1/16		1/16	1		3	69		539
35	35	5/8	5/8	3/4	3	1	1/16		1/16	1		3	69		547
35	35	11/16	11/16	3/4	4	1	1/16		1/16	1		1	55		556
35	35	11/16	11/16	3/4	1	1	1/16		1/16	1		1	67		532
35	35	11/16	11/16	3/4	2	1	1/16		1/16	1		1	67		540
35	35	11/16	11/16	3/4	3	1	1/16		1/16	1		1	67		548
36	36	0	0	3/4	4	1	1/8		1/8	1		6	54		569
36	36	0	0	3/4	1	1	1/8		1/8	1		6	66		557
36	36	0	0	3/4	2	1	1/8		1/8	1		6	66		561
36	36	0	0	3/4	3	1	1/8		1/8	1		6	66		565
36	36	1/8	1/8	3/4	1	1	0	grace16	1/16	1		7	73		558
36	36	1/8	1/8	3/4	2	1	0	grace16	1/16	1		7	73		562
36	36	1/8	1/8	3/4	3	1	0	grace16	1/16	1		7	73		566
36	36	1/8	1/8	3/4	4	1	1/8		1/8	1		2	62		570
36	36	1/8	1/8	3/4	1	1	1/8		1/8	1		2	74		559
36	36	1/8	1/8	3/4	2	1	1/8		1/8	1		2	74		563
36	36	1/8	1/8	3/4	3	1	1/8		1/8	1		2	74		567
36	36	1/4	1/4	3/4	4	1	1/4		1/4	1		2	50		571
36	36	1/4	1/4	3/4	1	1	1/4		1/4	1		2	62		560
36	36	1/4	1/4	3/4	2	1	1/4		1/4	1		2	62		564
36	36	1/4	1/4	3/4	3	1	1/4		1/4	1		2	62		568
37	37	0	0	3/4	4	1	1/2		1/2	1		1	55		587
37	37	0	0	3/4	1	1	1/4		1/4	1		2	74		572
37	37	1/8	1/8	3/4	3	1	1/8		1/8	1		-2	58		582
37	37	1/8	1/8	3/4	2	1	1/8		1/8	1		2	62		577
37	37	1/4	1/4	3/4	3	1	1/8		1/8	1		3	57		583
37	37	1/4	1/4	3/4	2	1	1/8		1/8	1		0	60		578
37	37	1/4	1/4	3/4	1	1	1/8		1/8	1		0	72		573
37	37	3/8	3/8	3/4	3	1	1/8		1/8	1		1	55		584
37	37	3/8	3/8	3/4	2	1	1/8		1/8	1		-2	58		579
37	37	3/8	3/8	3/4	1	1	1/8		1/8	1		-2	70		574
37	37	1/2	1/2	3/4	3	1	1/8		1/8	1		3	57		585
37	37	1/2	1/2	3/4	2	1	1/8		1/8	1		0	60		580
37	37	1/2	1/2	3/4	1	1	1/8		1/8	1		0	72		575
37	37	5/8	5/8	3/4	3	1	1/8		1/8	1		-2	58		586
37	37	5/8	5/8	3/4	2	1	1/8		1/8	1		2	62		581
37	37	5/8	5/8	3/4	1	1	1/8		1/8	1		2	74		576
38	38	0	0	3/4	1	1	0	appoggiatura	1/8	1		-1	77		588
38	38	0	0	3/4	4	1	1/2		1/2	1		0	48		602
38	38	0	0	3/4	1	1	1/4		1/4	1		-3	75		589
38	38	1/8	1/8	3/4	3	1	1/8		1/8	1		0	60		597
38	38	1/8	1/8	3/4	2	1	1/8		1/8	1		-3	63		592
38	38	1/4	1/4	3/4	3	1	1/8		1/8	1		0	60		598
38	38	1/4	1/4	3/4	2	1	1/8		1/8	1		-3	63		593
38	38	1/4	1/4	3/4	1	1	3/8		1/4	3/2		-3	75		590
38	38	3/8	3/8	3/4	3	1	1/8		1/8	1		0	60		599
38	38	3/8	3/8	3/4	2	1	1/8		1/8	1		-3	63		594
38	38	1/2	1/2	3/4	3	1	1/8		1/8	1		0	60		600
38	38	1/2	1/2	3/4	2	1	1/8		1/8	1		-3	63		595
38	38	5/8	5/8	3/4	3	1	1/8		1/8	1		-2	58		601
38	38	5/8	5/8	3/4	2	1	1/8		1/8	1		2	62		596
38	38	5/8	5/8	3/4	1	1	1/8		1/8	1		2	74		591
39	39	0	0	3/4	4	1	1/2		1/2	1		2	50		619
39	39	0	0	3/4	1	1	1/8		1/8	1		2	74		603
39	39	1/8	1/8	3/4	3	1	1/8		1/8	1		3	57		614
39	39	1/8	1/8	3/4	2	1	1/8		1/8	1		0	60		609
39	39	1/8	1/8	3/4	1	1	1/8		1/8	1		0	72		604
39	39	1/4	1/4	3/4	3	1	1/8		1/8	1		1	55		615
39	39	1/4	1/4	3/4	2	1	1/8		1/8	1		-2	58		610
39	39	1/4	1/4	3/4	1	1	1/8		1/8	1		-2	70		605
39	39	3/8	3/8	3/4	3	1	1/8		1/8	1		6	54		616
39	39	3/8	3/8	3/4	2	1	1/8		1/8	1		3	57		611
39	39	3/8	3/8	3/4	1	1	1/8		1/8	1		3	69		606
39	39	1/2	1/2	3/4	3	1	1/8		1/8	1		-2	58		617
39	39	1/2	1/2	3/4	2	1	1/8		1/8	1		2	62		612
39	39	1/2	1/2	3/4	1	1	1/8		1/8	1		2	74		607
39	39	5/8	5/8	3/4	3	1	1/8		1/8	1		3	57		618
39	39	5/8	5/8	3/4	2	1	1/8		1/8	1		0	60		613
39	39	5/8	5/8	3/4	1	1	1/8		1/8	1		0	72		608
40	40	0	0	3/4	1	1	0	grace4	1/4	1		0	72		620
40	40	0	0	3/4	4	1	1/8		1/8	1		1	43		629
40	40	0	0	3/4	3	1	1/4		1/4	1		3	57		626
40	40	0	0	3/4	2	1	1/4		1/4	1		0	60		623
40	40	0	0	3/4	1	1	1/2		1/2	1		-2	70		621
40	40	1/8	1/8	3/4	4	1	1/8		1/8	1		3	45		630
40	40	1/4	1/4	3/4	4	1	1/8		1/8	1		-2	46		631
40	40	1/4	1/4	3/4	3	1	1/4		1/4	1		1	55		627
40	40	1/4	1/4	3/4	2	1	1/4		1/4	1		-2	58		624
40	40	3/8	3/8	3/4	4	1	1/8		1/8	1		0	48		632
40	40	1/2	1/2	3/4	4	1	1/8		1/8	1		2	50		633
40	40	1/2	1/2	3/4	3	1	1/4		1/4	1		6	54		628
40	40	1/2	1/2	3/4	2	1	1/4		1/4	1		3	57		625
40	40	1/2	1/2	3/4	1	1	1/4		1/4	1		3	69		622
40	40	5/8	5/8	3/4	4	1	1/8		1/8	1		0	48		634
41	41	0	0	3/4	1	1	3/8		1/4	3/2		1	67		635
41	41	1/8	1/8	3/4	4	1	1/8		1/8	1		-2	46		652
41	41	1/8	1/8	3/4	3	1	1/8		1/8	1		1	55		647
41	41	1/8	1/8	3/4	2	1	1/8		1/8	1		2	62		642
41	41	1/4	1/4	3/4	4	1	1/8		1/8	1		-2	46		653
41	41	1/4	1/4	3/4	3	1	1/8		1/8	1		1	55		648
41	41	1/4	1/4	3/4	2	1	1/8		1/8	1		2	62		643
41	41	3/8	3/8	3/4	4	1	1/8		1/8	1		-2	46		654
41	41	3/8	3/8	3/4	3	1	1/8		1/8	1		1	55		649
41	41	3/8	3/8	3/4	2	1	1/8		1/8	1		2	62		644
41	41	3/8	3/8	3/4	1	1	1/16		1/16	1		6	66		636
41	41	7/16	7/16	3/4	1	1	1/16		1/16	1		1	67		637
41	41	1/2	1/2	3/4	4	1	1/8		1/8	1		-2	46		655
41	41	1/2	1/2	3/4	3	1	1/8		1/8	1		1	55		650
41	41	1/2	1/2	3/4	2	1	1/8		1/8	1		2	62		645
41	41	1/2	1/2	3/4	1	1	1/16		1/16	1		3	69		638
41	41	9/16	9/16	3/4	1	1	1/16		1/16	1		1	67		639
41	41	5/8	5/8	3/4	4	1	1/8		1/8	1		-2	46		656
41	41	5/8	5/8	3/4	3	1	1/8		1/8	1		1	55		651
41	41	5/8	5/8	3/4	2	1	1/8		1/8	1		2	62		646
41	41	5/8	5/8	3/4	1	1	1/16		1/16	1		6	66		640
41	41	11/16	11/16	3/4	1	1	1/16		1/16	1		1	67		641
42	42	0	0	3/4	1	1	1/2		1/2	1		-3	75		657
42	42	1/8	1/8	3/4	4	1	1/8		1/8	1		3	45		669
42	42	1/8	1/8	3/4	3	1	1/8		1/8	1		6	54		664
42	42	1/8	1/8	3/4	2	1	1/8		1/8	1		0	60		659
42	42	1/8	1/8	3/4	2	1	1/8		1/8	1		-3	63		659
42	42	1/4	1/4	3/4	4	1	1/8		1/8	1		3	45		670
42	42	1/4	1/4	3/4	3	1	1/8		1/8	1		6	54		665
42	42	1/4	1/4	3/4	2	1	1/8		1/8	1		0	60		660
42	42	1/4	1/4	3/4	2	1	1/8		1/8	1		-3	63		660
42	42	3/8	3/8	3/4	4	1	1/8		1/8	1		3	45		671
42	42	3/8	3/8	3/4	3	1	1/8		1/8	1		6	54		666
42	42	3/8	3/8	3/4	2	1	1/8		1/8	1		0	60		661
42	42	3/8	3/8	3/4	2	1	1/8		1/8	1		-3	63		661
42	42	1/2	1/2	3/4	4	1	1/8		1/8	1		3	45		672
42	42	1/2	1/2	3/4	3	1	1/8		1/8	1		6	54		667
42	42	1/2	1/2	3/4	2	1	1/8		1/8	1		0	60		662
42	42	1/2	1/2	3/4	2	1	1/8		1/8	1		-3	63		662
42	42	1/2	1/2	3/4	1	1	1/4		1/4	1		6	66		658
42	42	5/8	5/8	3/4	4	1	1/8		1/8	1		3	45		673
42	42	5/8	5/8	3/4	3	1	1/8		1/8	1		3	57		668
42	42	5/8	5/8	3/4	2	1	1/8		1/8	1		0	60		663
42	42	5/8	5/8	3/4	2	1	1/8		1/8	1		-3	63		663
43	43	0	0	3/4	4	1	1/4		1/4	1		-2	46		684
43	43	0	0	3/4	3	1	1/4		1/4	1		1	55		681
43	43	0	0	3/4	2	1	1/4		1/4	1		2	62		678
43	43	0	0	3/4	1	1	1/8		1/8	1		1	67		674
43	43	1/8	1/8	3/4	1	1	1/4		1/4	1		2	74		675
43	43	1/4	1/4	3/4	4	1	1/4		1/4	1		3	45		685
43	43	1/4	1/4	3/4	3	1	1/4		1/4	1		2	62		682
43	43	1/4	1/4	3/4	2	1	1/4		1/4	1		6	66		679
43	43	3/8	3/8	3/4	1	1	1/4		1/4	1		0	72		676
43	43	1/2	1/2	3/4	4	1	1/4		1/4	1		1	43		686
43	43	1/2	1/2	3/4	3	1	1/4		1/4	1		2	62		683
43	43	1/2	1/2	3/4	2	1	1/4		1/4	1		1	67		680
43	43	5/8	5/8	3/4	1	1	1/8		1/8	1		-2	70		677
44	44	0	0	3/4	4	1	1/4		1/4	1		2	50		695
44	44	0	0	3/4	3	1	1/2		1/2	1		2	62		693
44	44	0	0	3/4	2	1	1/2		1/2	1		1	67		691
44	44	0	0	3/4	1	1	3/8		1/4	3/2		-2	70		687
44	44	1/4	1/4	3/4	4	1	1/4		1/4	1		2	38		696
44	44	3/8	3/8	3/4	1	1	0	grace16	1/16	1		2	74		688
44	44	3/8	3/8	3/4	1	1	1/8		1/8	1		0	72		689
44	44	1/2	1/2	3/4	4	1	1/4		1/4	1		2	50		697
44	44	1/2	1/2	3/4	3	1	1/4		1/4	1		2	62		694
44	44	1/2	1/2	3/4	2	1	1/4		1/4	1		6	66		692
44	44	1/2	1/2	3/4	1	1	1/4		1/4	1		3	69		690
45	45	0	0	3/4	1	1	3/8		1/4	3/2		1	67		698
45	45	3/8	3/8	3/4	1	1	1/8		1/8	1		6	66		699
45	45	1/2	1/2	3/4	1	1	1/8		1/8	1		1	67		700
45	45	5/8	5/8	3/4	1	1	1/8		1/8	1		-2	70		701
46	46	0	0	3/4	1	1	1/8		1/8	1		3	69		702
46	46	1/8	1/8	3/4	1	1	1/8		1/8	1		6	66		703
46	46	1/4	1/4	3/4	1	1	1/8		1/8	1		2	62		704
46	46	3/8	3/8	3/4	1	1	1/8		1/8	1		6	66		705
46	46	1/2	1/2	3/4	1	1	1/8		1/8	1		1	67		706
46	46	5/8	5/8	3/4	1	1	1/8		1/8	1		3	69		707
47	47	0	0	3/4	2	1	3/8		1/4	3/2		1	67		712
47	47	0	0	3/4	1	1	3/8		1/4	3/2		-2	70		708
47	47	3/8	3/8	3/4	2	1	1/8		1/8	1		6	66		713
47	47	3/8	3/8	3/4	1	1	1/8		1/8	1		3	69		709
47	47	1/2	1/2	3/4	2	1	1/8		1/8	1		1	67		714
47	47	1/2	1/2	3/4	1	1	1/8		1/8	1		-2	70		710
47	47	5/8	5/8	3/4	2	1	1/8		1/8	1		-2	70		715
47	47	5/8	5/8	3/4	1	1	1/8		1/8	1		2	74		711
48	48	0	0	3/4	2	1	1/8		1/8	1		3	69		722
48	48	0	0	3/4	1	1	1/8		1/8	1		0	72		716
48	48	1/8	1/8	3/4	2	1	1/8		1/8	1		6	66		723
48	48	1/8	1/8	3/4	1	1	1/8		1/8	1		3	69		717
48	48	1/4	1/4	3/4	2	1	1/8		1/8	1		2	62		724
48	48	1/4	1/4	3/4	1	1	1/8		1/8	1		6	66		718
48	48	3/8	3/8	3/4	2	1	1/8		1/8	1		6	66		725
48	48	3/8	3/8	3/4	1	1	1/8		1/8	1		3	69		719
48	48	1/2	1/2	3/4	2	1	1/8		1/8	1		1	67		726
48	48	1/2	1/2	3/4	1	1	1/8		1/8	1		-2	70		720
48	48	5/8	5/8	3/4	2	1	1/8		1/8	1		3	69		727
48	48	5/8	5/8	3/4	1	1	1/8		1/8	1		0	72		721
49	49	0	0	3/4	4	1	3/8		1/4	3/2		1	55		733
49	49	0	0	3/4	2	1	3/8		1/4	3/2		-2	70		729
49	49	0	0	3/4	1	1	3/4		1/2	3/2	1	2	74		728
49	49	3/8	3/8	3/4	4	1	1/8		1/8	1		6	54		734
49	49	3/8	3/8	3/4	2	1	1/8		1/8	1		3	69		730
49	49	1/2	1/2	3/4	4	1	1/8		1/8	1		1	55		735
49	49	1/2	1/2	3/4	2	1	1/8		1/8	1		-2	70		731
49	49	5/8	5/8	3/4	4	1	1/8		1/8	1		-2	58		736
49	49	5/8	5/8	3/4	2	1	1/8		1/8	1		2	74		732
50	50	0	0	3/4	4	1	1/8		1/8	1		3	57		744
50	50	0	0	3/4	2	1	1/8		1/8	1		0	72		738
50	50	0	0	3/4	1	1	3/4		1/2	3/2	0	2	74		737
50	50	1/8	1/8	3/4	4	1	1/8		1/8	1		6	54		745
50	50	1/8	1/8	3/4	2	1	1/8		1/8	1		3	69		739
50	50	1/4	1/4	3/4	4	1	1/8		1/8	1		2	50		746
50	50	1/4	1/4	3/4	2	1	1/8		1/8	1		6	66		740
50	50	3/8	3/8	3/4	4	1	1/8		1/8	1		6	54		747
50	50	3/8	3/8	3/4	2	1	1/8		1/8	1		3	69		741
50	50	1/2	1/2	3/4	4	1	1/8		1/8	1		1	55		748
50	50	1/2	1/2	3/4	2	1	1/8		1/8	1		-2	70		742
50	50	5/8	5/8	3/4	4	1	1/8		1/8	1		3	57		749
50	50	5/8	5/8	3/4	2	1	1/8		1/8	1		0	72		743
51	51	0	0	3/4	3	1	3/8		1/4	3/2		1	55		755
51	51	0	0	3/4	4	1	3/8		1/4	3/2		-2	58		759
51	51	0	0	3/4	2	1	1/8		1/8	1		2	74		751
51	51	0	0	3/4	1	1	3/4		1/2	3/2	0	2	74		750
51	51	1/8	1/8	3/4	2	1	1/4		1/4	1		2	62		752
51	51	3/8	3/8	3/4	3	1	1/8		1/8	1		6	54		756
51	51	3/8	3/8	3/4	4	1	1/8		1/8	1		3	57		760
51	51	3/8	3/8	3/4	2	1	1/4		1/4	1		2	62		753
51	51	1/2	1/2	3/4	3	1	1/8		1/8	1		1	55		757
51	51	1/2	1/2	3/4	4	1	1/8		1/8	1		-2	58		761
51	51	5/8	5/8	3/4	3	1	1/8		1/8	1		-2	58		758
51	51	5/8	5/8	3/4	2	1	1/8		1/8	1		2	62		754
51	51	5/8	5/8	3/4	4	1	1/8		1/8	1		2	62		762
52	52	0	0	3/4	3	1	1/8		1/8	1		3	57		771
52	52	0	0	3/4	4	1	3/4		1/2	3/2		0	60		777
52	52	0	0	3/4	2	1	1/8		1/8	1		2	62		767
52	52	0	0	3/4	1	1	3/8		1/4	3/2	-1	2	74		763
52	52	1/8	1/8	3/4	3	1	1/8		1/8	1		6	54		772
52	52	1/8	1/8	3/4	2	1	1/4		1/4	1		2	62		768
52	52	1/4	1/4	3/4	3	1	1/8		1/8	1		2	50		773
52	52	3/8	3/8	3/4	3	1	1/8		1/8	1		6	54		774
52	52	3/8	3/8	3/4	2	1	1/4		1/4	1		2	62		769
52	52	3/8	3/8	3/4	1	1	1/8		1/8	1		2	74		764
52	52	1/2	1/2	3/4	3	1	1/8		1/8	1		1	55		775
52	52	1/2	1/2	3/4	1	1	1/8		1/8	1		4	76		765
52	52	5/8	5/8	3/4	3	1	1/8		1/8	1		3	57		776
52	52	5/8	5/8	3/4	2	1	1/8		1/8	1	1	2	62		770
52	52	5/8	5/8	3/4	1	1	1/8		1/8	1		6	78		766
53	53	0	0	3/4	3	1	1/4		1/4	1		-2	58		792
53	53	0	0	3/4	4	1	1/4		1/4	1		-2	58		794
53	53	0	0	3/4	2	1	1/4		1/4	1	-1	2	62		790
53	53	0	0	3/4	1	1	1/16		1/16	1		1	79		778
53	53	1/16	1/16	3/4	1	1	1/16		1/16	1		6	78		779
53	53	1/8	1/8	3/4	1	1	1/16		1/16	1		1	79		780
53	53	3/16	3/16	3/4	1	1	1/16		1/16	1		6	78		781
53	53	1/4	1/4	3/4	1	1	1/16		1/16	1		1	79		782
53	53	5/16	5/16	3/4	1	1	1/16		1/16	1		3	81		783
53	53	3/8	3/8	3/4	1	1	1/16		1/16	1		-2	82		784
53	53	7/16	7/16	3/4	1	1	1/16		1/16	1		3	81		785
53	53	1/2	1/2	3/4	3	1	1/4		1/4	1		-2	58		793
53	53	1/2	1/2	3/4	4	1	1/4		1/4	1		-2	58		795
53	53	1/2	1/2	3/4	2	1	1/4		1/4	1		1	67		791
53	53	1/2	1/2	3/4	1	1	1/16		1/16	1		1	79		786
53	53	9/16	9/16	3/4	1	1	1/16		1/16	1		-1	77		787
53	53	5/8	5/8	3/4	1	1	1/16		1/16	1		-3	75		788
53	53	11/16	11/16	3/4	1	1	1/16		1/16	1		2	74		789
54	54	0	0	3/4	3	1	1/4		1/4	1		0	60		806
54	54	0	0	3/4	4	1	1/4		1/4	1		0	60		809
54	54	0	0	3/4	2	1	1/4		1/4	1		1	67		803
54	54	0	0	3/4	1	1	1/4		1/4	1		2	74		796
54	54	1/4	1/4	3/4	3	1	1/8		1/8	1		0	60		807
54	54	1/4	1/4	3/4	4	1	1/8		1/8	1		0	60		810
54	54	1/4	1/4	3/4	2	1	1/8		1/8	1		1	67		804
54	54	1/4	1/4	3/4	1	1	1/8		1/8	1		-3	75		797
54	54	7/16	7/16	3/4	1	1	1/16		1/16	1		-3	75		798
54	54	1/2	1/2	3/4	1	1	0	appoggiatura	1/8	1		2	74		799
54	54	1/2	1/2	3/4	4	1	1/4		1/4	1		0	48		811
54	54	1/2	1/2	3/4	3	1	1/4		1/4	1		2	62		808
54	54	1/2	1/2	3/4	2	1	1/4		1/4	1		6	66		805
54	54	1/2	1/2	3/4	1	1	1/8		1/8	1		0	72		800
54	54	5/8	5/8	3/4	1	1	1/16		1/16	1		-2	70		801
54	54	11/16	11/16	3/4	1	1	1/16		1/16	1		3	69		802
55	55	0	0	3/4	4	1	3/16		1/8	3/2		-2	46		823
55	55	0	0	3/4	3	1	3/16		1/8	3/2		2	62		819
55	55	0	0	3/4	2	1	1/4		1/4	1		1	67		816
55	55	0	0	3/4	1	1	3/16		1/8	3/2		2	74		812
55	55	3/16	3/16	3/4	4	1	1/16		1/16	1		0	48		824
55	55	3/16	3/16	3/4	3	1	1/16		1/16	1		-3	63		820
55	55	3/16	3/16	3/4	1	1	1/16		1/16	1		1	79		813
55	55	1/4	1/4	3/4	4	1	1/4		1/4	1		2	50		825
55	55	1/4	1/4	3/4	3	1	1/4		1/4	1		2	62		821
55	55	1/4	1/4	3/4	2	1	1/4		1/4	1		1	67		817
55	55	1/4	1/4	3/4	1	1	1/4		1/4	1		-2	70		814
55	55	1/2	1/2	3/4	4	1	1/4		1/4	1		2	38		826
55	55	1/2	1/2	3/4	3	1	1/4		1/4	1		0	60		822
55	55	1/2	1/2	3/4	2	1	1/4		1/4	1		6	66		818
55	55	1/2	1/2	3/4	1	1	1/4		1/4	1		3	69		815
56	56	0	0	3/4	4	1	1/4		1/4	1		1	43		830
56	56	0	0	3/4	3	1	1/4		1/4	1		-2	58		829
56	56	0	0	3/4	1	1	1/4		1/4	1		1	67		827
56	56	0	0	3/4	2	1	1/4		1/4	1		1	67		828
56	56	1/4	1/4	3/4	4	1	1/4		1/4	1		2	50		831
56	56	1/2	1/2	3/4	4	1	1/4		1/4	1		1	55		832
57	57	0	0	3/4	1	1	1/2		1/2	1		5	71		833
57	57	1/4	1/4	3/4	4	1	1/4		1/4	1		1	55		842
57	57	1/4	1/4	3/4	3	1	1/4		1/4	1		2	62		840
57	57	1/4	1/4	3/4	2	1	1/4		1/4	1		1	67		838
57	57	1/2	1/2	3/4	1	1	0	grace16	1/16	1		2	74		834
57	57	1/2	1/2	3/4	4	1	1/4		1/4	1		3	57		843
57	57	1/2	1/2	3/4	3	1	1/4		1/4	1		2	62		841
57	57	1/2	1/2	3/4	2	1	1/4		1/4	1		6	66		839
57	57	1/2	1/2	3/4	1	1	1/8		1/8	1		0	72		835
57	57	5/8	5/8	3/4	1	1	1/16		1/16	1		5	71		836
57	57	11/16	11/16	3/4	1	1	1/16		1/16	1		0	72		837
58	58	0	0	3/4	1	1	1/8		1/8	1		4	76		844
58	58	1/8	1/8	3/4	1	1	1/8		1/8	1		2	74		845
58	58	1/4	1/4	3/4	4	1	1/4		1/4	1		5	59		853
58	58	1/4	1/4	3/4	3	1	1/4		1/4	1		2	62		851
58	58	1/4	1/4	3/4	2	1	1/4		1/4	1		1	67		849
58	58	1/4	1/4	3/4	1	1	3/8		1/4	3/2		2	74		846
58	58	1/2	1/2	3/4	4	1	1/4		1/4	1		1	55		854
58	58	1/2	1/2	3/4	3	1	1/4		1/4	1		2	62		852
58	58	1/2	1/2	3/4	2	1	1/4		1/4	1		1	67		850
58	58	5/8	5/8	3/4	1	1	1/16		1/16	1		0	72		847
58	58	11/16	11/16	3/4	1	1	1/16		1/16	1		5	71		848
59	59	0	0	3/4	4	1	1/4		1/4	1		6	54		865
59	59	0	0	3/4	3	1	1/2		1/2	1		2	62		864
59	59	0	0	3/4	1	1	1/8		1/8	1		3	69		855
59	59	0	0	3/4	2	1	1/4		1/4	1		3	69		861
59	59	1/8	1/8	3/4	1	1	1/8		1/8	1		3	81		856
59	59	1/4	1/4	3/4	4	1	1/4		1/4	1		2	50		866
59	59	1/4	1/4	3/4	2	1	1/4		1/4	1		0	72		862
59	59	1/4	1/4	3/4	1	1	1/8		1/8	1		1	79		857
59	59	3/8	3/8	3/4	1	1	1/8		1/8	1		6	78		858
59	59	1/2	1/2	3/4	4	1	1/4		1/4	1		6	54		867
59	59	1/2	1/2	3/4	2	1	1/4		1/4	1		2	62		863
59	59	1/2	1/2	3/4	1	1	1/8		1/8	1		4	76		859
59	59	5/8	5/8	3/4	1	1	1/8		1/8	1		2	74		860
60	60	0	0	3/4	1	1	0	appoggiatura	1/8	1		0	72		868
60	60	0	0	3/4	1	1	1/2		1/2	1		5	71		869
60	60	1/4	1/4	3/4	4	1	1/4		1/4	1		1	55		874
60	60	1/4	1/4	3/4	2	1	1/4		1/4	1		2	62		871
60	60	1/2	1/2	3/4	4	1	1/4		1/4	1		9	51		875
60	60	1/2	1/2	3/4	3	1	1/4		1/4	1		6	54		873
60	60	1/2	1/2	3/4	2	1	1/4		1/4	1		0	60		872
60	60	1/2	1/2	3/4	1	1	1/4		1/4	1		3	69		870
61	61	0	0	3/4	1	1	0	appoggiatura	1/8	1		3	69		876
61	61	0	0	3/4	4	1	1/4		1/4	1		4	52		885
61	61	0	0	3/4	3	1	1/2		1/2	1		4	52		883
61	61	0	0	3/4	2	1	1/4		1/4	1		5	59		880
61	61	0	0	3/4	1	1	1/4		1/4	1		1	67		877
61	61	1/4	1/4	3/4	4	1	1/4		1/4	1		2	50		886
61	61	1/4	1/4	3/4	2	1	1/4		1/4	1		-2	58		881
61	61	1/4	1/4	3/4	1	1	1/4		1/4	1		1	67		878
61	61	1/2	1/2	3/4	4	1	1/4		1/4	1		7	49		887
61	61	1/2	1/2	3/4	3	1	1/4		1/4	1		4	52		884
61	61	1/2	1/2	3/4	2	1	1/4		1/4	1		3	57		882
61	61	1/2	1/2	3/4	1	1	1/4		1/4	1		1	67		879
62	62	0	0	3/4	3	1	1/4		1/4	1		2	50		895
62	62	0	0	3/4	4	1	1/4		1/4	1		2	50		896
62	62	0	0	3/4	2	1	1/4		1/4	1		3	57		894
62	62	0	0	3/4	1	1	1/8		1/8	1		6	66		888
62	62	1/8	1/8	3/4	1	1	1/8		1/8	1		1	67		889
62	62	1/4	1/4	3/4	1	1	1/8		1/8	1		3	69		890
62	62	3/8	3/8	3/4	1	1	1/8		1/8	1		5	71		891
62	62	1/2	1/2	3/4	1	1	1/8		1/8	1		7	73		892
62	62	5/8	5/8	3/4	1	1	1/8		1/8	1		2	74		893
63	63	0	0	3/4	3	1	1/2		1/2	1		3	57		903
63	63	0	0	3/4	2	1	1/2		1/2	1		2	62		901
63	63	0	0	3/4	1	1	3/8		1/4	3/2		6	66		897
63	63	1/4	1/4	3/4	4	1	1/4		1/4	1		3	57		905
63	63	3/8	3/8	3/4	1	1	1/8		1/8	1		1	67		898
63	63	1/2	1/2	3/4	4	1	1/4		1/4	1		3	45		906
63	63	1/2	1/2	3/4	3	1	1/4		1/4	1		1	55		904
63	63	1/2	1/2	3/4	2	1	1/4		1/4	1		7	61		902
63	63	1/2	1/2	3/4	1	1	3/16		1/8	3/2		4	64		899
63	63	11/16	11/16	3/4	1	1	1/16		1/16	1		6	66		900
64	64	0	0	3/4	4	1	1/4		1/4	1		2	50		910
64	64	0	0	3/4	3	1	1/2		1/2	1		6	54		909
64	64	0	0	3/4	1	1	1/2		1/2	1		2	62		907
64	64	0	0	3/4	2	1	1/2		1/2	1		2	62		908
64	64	1/4	1/4	3/4	4	1	1/4		1/4	1		3	45		911
64	64	1/2	1/2	3/4	4	1	1/4		1/4	1		2	38		912
65	65	0	0	3/4	1	1	0	appoggiatura	1/8	1		4	76		913
65	65	0	0	3/4	1	1	1/4		1/4	1		2	74		914
65	65	1/4	1/4	3/4	3	1	1/4		1/4	1		5	59		919
65	65	1/4	1/4	3/4	4	1	1/4		1/4	1		2	62		921
65	65	1/4	1/4	3/4	2	1	1/4		1/4	1		-1	65		917
65	65	1/4	1/4	3/4	1	1	1/4		1/4	1		2	74		915
65	65	1/2	1/2	3/4	4	1	1/4		1/4	1		5	59		922
65	65	1/2	1/2	3/4	3	1	1/4		1/4	1		2	62		920
65	65	1/2	1/2	3/4	2	1	1/4		1/4	1		-1	65		918
65	65	1/2	1/2	3/4	1	1	1/4		1/4	1		2	74		916
66	66	0	0	3/4	4	1	1/4		1/4	1		8	56		934
66	66	0	0	3/4	2	1	1/4		1/4	1		4	64		930
66	66	0	0	3/4	3	1	1/4		1/4	1		5	71		932
66	66	0	0	3/4	1	1	1/4		1/4	1		2	74		923
66	66	1/4	1/4	3/4	4	1	1/4		1/4	1		3	57		935
66	66	1/4	1/4	3/4	2	1	1/8		1/8	1		4	64		931
66	66	1/4	1/4	3/4	3	1	1/8		1/8	1		3	69		933
66	66	1/4	1/4	3/4	1	1	1/4		1/4	1		0	72		924
66	66	1/2	1/2	3/4	1	1	0	grace16	1/16	1		5	71		925
66	66	1/2	1/2	3/4	1	1	0	grace16	1/16	1		3	69		926
66	66	1/2	1/2	3/4	1	1	0	grace16	1/16	1		8	68		927
66	66	1/2	1/2	3/4	1	1	3/16		1/8	3/2		3	69		928
66	66	11/16	11/16	3/4	1	1	1/16		1/16	1		5	71		929
67	67	0	0	3/4	1	1	0	appoggiatura	1/8	1		2	74		936
67	67	0	0	3/4	1	1	1/4		1/4	1		0	72		937
67	67	1/4	1/4	3/4	3	1	1/4		1/4	1		3	57		942
67	67	1/4	1/4	3/4	4	1	1/4		1/4	1		0	60		944
67	67	1/4	1/4	3/4	2	1	1/4		1/4	1		4	64		940
67	67	1/4	1/4	3/4	1	1	1/4		1/4	1		0	72		938
67	67	1/2	1/2	3/4	4	1	1/4		1/4	1		3	57		945
67	67	1/2	1/2	3/4	3	1	1/4		1/4	1		0	60		943
67	67	1/2	1/2	3/4	2	1	1/4		1/4	1		-3	63		941
67	67	1/2	1/2	3/4	1	1	1/4		1/4	1		0	72		939
68	68	0	0	3/4	4	1	1/4		1/4	1		6	54		957
68	68	0	0	3/4	2	1	1/4		1/4	1		2	62		951
68	68	0	0	3/4	3	1	1/4		1/4	1		3	69		954
68	68	0	0	3/4	1	1	1/4		1/4	1		0	72		946
68	68	1/4	1/4	3/4	4	1	1/4		1/4	1		1	55		958
68	68	1/4	1/4	3/4	2	1	1/8		1/8	1		2	62		952
68	68	1/4	1/4	3/4	3	1	1/8		1/8	1		1	67		955
68	68	1/4	1/4	3/4	1	1	1/4		1/4	1		5	71		947
68	68	1/2	1/2	3/4	1	1	0	appoggiatura	1/8	1		1	67		948
68	68	1/2	1/2	3/4	3	1	1/4		1/4	1		5	59		956
68	68	1/2	1/2	3/4	4	1	1/4		1/4	1		5	59		959
68	68	1/2	1/2	3/4	2	1	1/4		1/4	1		1	67		953
68	68	1/2	1/2	3/4	1	1	3/16		1/8	3/2		1	79		949
68	68	11/16	11/16	3/4	1	1	1/16		1/16	1		6	78		950
69	69	0	0	3/4	3	1	1/4		1/4	1		0	60		967
69	69	0	0	3/4	4	1	1/4		1/4	1		0	60		969
69	69	0	0	3/4	2	1	1/4		1/4	1		1	67		965
69	69	0	0	3/4	1	1	1/4		1/4	1		6	78		960
69	69	1/4	1/4	3/4	3	1	1/8		1/8	1		0	60		968
69	69	1/4	1/4	3/4	4	1	1/8		1/8	1		0	60		970
69	69	1/4	1/4	3/4	2	1	1/8		1/8	1		1	67		966
69	69	1/4	1/4	3/4	1	1	1/4		1/4	1		4	76		961
69	69	1/2	1/2	3/4	1	1	0	appoggiatura	1/8	1		4	64		962
69	69	1/2	1/2	3/4	1	1	3/16		1/8	3/2		4	76		963
69	69	11/16	11/16	3/4	1	1	1/16		1/16	1		2	74		964
70	70	0	0	3/4	4	1	1/4		1/4	1		0	60		979
70	70	0	0	3/4	3	1	1/4		1/4	1		4	64		977
70	70	0	0	3/4	2	1	1/4		1/4	1		3	69		975
70	70	0	0	3/4	1	1	1/4		1/4	1		2	74		971
70	70	1/4	1/4	3/4	4	1	1/8		1/8	1		0	60		980
70	70	1/4	1/4	3/4	3	1	1/8		1/8	1		4	64		978
70	70	1/4	1/4	3/4	2	1	1/8		1/8	1		3	69		976
70	70	1/4	1/4	3/4	1	1	1/4		1/4	1		0	72		972
70	70	1/2	1/2	3/4	1	1	3/16		1/8	3/2		0	72		973
70	70	11/16	11/16	3/4	1	1	1/16		1/16	1		5	71		974
71	71	0	0	3/4	4	1	1/4		1/4	1		0	60		992
71	71	0	0	3/4	3	1	1/4		1/4	1		2	62		989
71	71	0	0	3/4	2	1	1/4		1/4	1		6	66		986
71	71	0	0	3/4	1	1	1/4		1/4	1		3	69		981
71	71	1/4	1/4	3/4	4	1	1/4		1/4	1		0	60		993
71	71	1/4	1/4	3/4	3	1	1/4		1/4	1		2	62		990
71	71	1/4	1/4	3/4	2	1	1/4		1/4	1		6	66		987
71	71	1/4	1/4	3/4	1	1	1/4		1/4	1		3	69		982
71	71	1/2	1/2	3/4	4	1	1/4		1/4	1		0	60		994
71	71	1/2	1/2	3/4	3	1	1/4		1/4	1		2	62		991
71	71	1/2	1/2	3/4	2	1	1/4		1/4	1		6	66		988
71	71	1/2	1/2	3/4	1	1	3/16		1/8	3/2		3	69		983
71	71	11/16	11/16	3/4	1	1	1/32		1/32	1		5	71		984
71	71	23/32	23/32	3/4	1	1	1/32		1/32	1		0	72		985
72	72	0	0	3/4	4	1	1/2		1/2	1		5	59		1005
72	72	0	0	3/4	3	1	1/2		1/2	1		2	62		1003
72	72	0	0	3/4	2	1	1/2		1/2	1		1	67		1001
72	72	0	0	3/4	1	1	1/8		1/8	1		2	74		995
72	72	1/8	1/8	3/4	1	1	1/8		1/8	1		2	86		996
72	72	1/4	1/4	3/4	1	1	1/8		1/8	1		0	84		997
72	72	3/8	3/8	3/4	1	1	1/8		1/8	1		5	83		998
72	72	1/2	1/2	3/4	4	1	1/4		1/4	1		5	59		1006
72	72	1/2	1/2	3/4	3	1	1/4		1/4	1		2	62		1004
72	72	1/2	1/2	3/4	2	1	1/4		1/4	1		1	67		1002
72	72	1/2	1/2	3/4	1	1	1/8		1/8	1		3	81		999
72	72	5/8	5/8	3/4	1	1	1/8		1/8	1		1	79		1000
73	73	0	0	3/4	1	1	0	grace16	1/16	1		6	78		1007
73	73	0	0	3/4	4	1	1/4		1/4	1		0	60		1019
73	73	0	0	3/4	3	1	1/4		1/4	1		4	64		1016
73	73	0	0	3/4	2	1	1/4		1/4	1		3	69		1013
73	73	0	0	3/4	1	1	1/8		1/8	1		4	76		1008
73	73	1/8	1/8	3/4	1	1	1/16		1/16	1		2	74		1009
73	73	3/16	3/16	3/4	1	1	1/16		1/16	1		0	72		1010
73	73	1/4	1/4	3/4	3	1	1/4		1/4	1		2	62		1017
73	73	1/4	1/4	3/4	4	1	1/4		1/4	1		2	62		1020
73	73	1/4	1/4	3/4	2	1	1/4		1/4	1		1	67		1014
73	73	1/4	1/4	3/4	1	1	1/4		1/4	1		5	71		1011
73	73	1/2	1/2	3/4	4	1	1/4		1/4	1		2	50		1021
73	73	1/2	1/2	3/4	3	1	1/4		1/4	1		0	60		1018
73	73	1/2	1/2	3/4	2	1	1/4		1/4	1		6	66		1015
73	73	1/2	1/2	3/4	1	1	1/4		1/4	1		3	69		1012
74	74	0	0	3/4	4	1	1/4		1/4	1		1	55		1025
74	74	0	0	3/4	3	1	1/2		1/2	1		5	59		1024
74	74	0	0	3/4	1	1	1/2		1/2	1		1	67		1022
74	74	0	0	3/4	2	1	1/2		1/2	1		1	67		1023
74	74	1/4	1/4	3/4	4	1	1/4		1/4	1		2	50		1026
74	74	1/2	1/2	3/4	4	1	1/4		1/4	1		1	43		1027
